{"stats":{"minecraft:killed":{"untamedwilds:tortoise":1,"minecraft:zombie":1,"alexsmobs:seal":1,"alexsmobs:seagull":1},"minecraft:used":{"minecraft:stone_sword":13,"chococraft:gysahl_green_seeds":5,"minecraft:stone_pickaxe":25,"minecraft:wooden_pickaxe":12,"dynamictrees:acacia_seed":1,"minecraft:wooden_sword":3,"minecraft:cobblestone":1,"minecraft:crafting_table":2,"minecraft:furnace":1,"tombstone:gift":2,"chococraft:gysahl_green":28},"minecraft:crafted":{"minecraft:wooden_sword":1,"minecraft:shield":1,"minecraft:crafting_table":2,"minecraft:stick":4,"minecraft:wooden_pickaxe":1,"minecraft:iron_ingot":6,"minecraft:stone_pickaxe":1,"minecraft:stone_sword":1,"minecraft:furnace":1,"minecraft:acacia_planks":24},"minecraft:picked_up":{"chococraft:loverly_gysahl_green":3,"minecraft:stick":4,"minecraft:raw_iron":6,"minecraft:acacia_log":6,"dynamictrees:acacia_seed":4,"chococraft:gysahl_green_seeds":29,"untamedwilds:food_turtle_raw":4,"chococraft:gysahl_green":60,"chococraft:gold_gysahl":1,"minecraft:wheat_seeds":3,"minecraft:coal":3,"minecraft:cobblestone":16,"minecraft:furnace":1},"minecraft:custom":{"minecraft:time_since_rest":15917,"minecraft:interact_with_furnace":7,"minecraft:sprint_one_cm":69867,"minecraft:damage_taken":845,"minecraft:walk_one_cm":55384,"minecraft:mob_kills":4,"minecraft:drop":3,"minecraft:damage_dealt":660,"minecraft:interact_with_crafting_table":20,"minecraft:fly_one_cm":143708,"minecraft:crouch_one_cm":80,"minecraft:play_time":27084,"tombstone:undead_killed":1,"minecraft:deaths":2,"minecraft:sneak_time":193,"minecraft:jump":618,"minecraft:leave_game":4,"minecraft:time_since_death":16182,"minecraft:walk_on_water_one_cm":1610,"minecraft:total_world_time":27084,"minecraft:fall_one_cm":18290},"minecraft:dropped":{"dynamictrees:acacia_seed":3},"minecraft:mined":{"minecraft:furnace":1,"minecraft:iron_ore":6,"minecraft:grass":43,"chococraft:gysahl_green":31,"minecraft:coal_ore":2,"minecraft:tall_grass":7,"minecraft:stone":16}},"DataVersion":3465}