{"stats":{"minecraft:dropped":{"minecraft:moss_block":1,"minecraft:wheat_seeds":15,"orcz:blue_orcshroom":1,"minecraft:leather":1,"minecraft:granite":42,"minecraft:dirt":20,"dynamictrees:jungle_seed":5,"tombstone:grave_dust":3,"minecraft:string":2,"minecraft:white_wool":1,"dynamictrees:acacia_seed":7,"minecraft:furnace":1,"duckling:raw_duck":1,"minecraft:moss_carpet":2,"alexsmobs:animal_dictionary":2,"minecraft:tuff":2,"tombstone:gift":1,"minecraft:rotten_flesh":3,"minecraft:clay_ball":16,"orcz:orcshroom":3,"minecraft:gunpowder":15,"medieval_craft_weapons:titanite_nugget_1":3,"minecraft:sandstone":18,"untamedwilds:flora_water_hyacinth_item":2,"minecraft:wooden_pickaxe":1},"minecraft:killed":{"minecraft:spider":2,"alexsmobs:seagull":1,"alexsmobs:gorilla":1,"minecraft:skeleton":6,"alexsmobs:leafcutter_ant":1,"minecraft:pig":3,"duckling:duck":1,"orcz:goblinsavagemace":1,"alexsmobs:seal":1,"untamedwilds:boar":2,"minecraft:sheep":1,"untamedwilds:tortoise":1,"alexsmobs:cockroach":1,"minecraft:zombie":8,"chococraft:chocobo":1},"minecraft:mined":{"minecraft:tuff":2,"minecraft:deepslate_diamond_ore":7,"alexsmobs:leafcutter_anthill":2,"minecraft:granite":4,"minecraft:grass_block":3,"minecraft:jungle_planks":1,"alexsmobs:leafcutter_ant_chamber":2,"minecraft:moss_block":1,"minecraft:sandstone":1,"dynamictrees:oak_leaves":1,"minecraft:furnace":3,"minecraft:iron_ore":28,"chococraft:gysahl_green":76,"minecraft:deepslate_iron_ore":1,"minecraft:bamboo":1,"dynamictrees:jungle_sapling":1,"minecraft:stone":33,"untamedwilds:flora_water_hyacinth":1,"minecraft:crafting_table":1,"minecraft:clay":5,"minecraft:poppy":1,"minecraft:melon":12,"minecraft:dead_bush":1,"untamedwilds:flora_elephant_ear":1,"minecraft:tall_grass":10,"minecraft:cobblestone":4,"minecraft:deepslate_gold_ore":1,"minecraft:diorite":8,"untamedwilds:block_burrow":1,"additional_lights:fire_for_standing_torch_s":1,"minecraft:grass":72,"minecraft:coal_ore":8,"minecraft:dirt":1,"minecraft:fern":2,"minecraft:deepslate":52},"minecraft:picked_up":{"chococraft:loverly_gysahl_green":7,"minecraft:crafting_table":1,"minecraft:clay_ball":16,"minecraft:string":2,"minecraft:moss_carpet":2,"untamedwilds:flora_water_hyacinth_item":2,"minecraft:cobbled_deepslate":55,"minecraft:beef":2,"minecraft:melon_slice":51,"minecraft:furnace":4,"duckling:raw_duck":3,"minecraft:raw_iron":29,"minecraft:stick":39,"minecraft:sandstone":18,"minecraft:acacia_log":6,"medieval_craft_weapons:titanite_nugget_1":6,"minecraft:porkchop":8,"tombstone:grave_dust":2,"minecraft:diorite":6,"minecraft:arrow":4,"minecraft:rotten_flesh":9,"orcz:orcshroom":3,"chococraft:chocobo_drumstick_raw":1,"minecraft:mutton":2,"minecraft:white_wool":1,"minecraft:cobblestone":102,"minecraft:feather":1,"orcz:orcteeth":1,"minecraft:jungle_log":9,"minecraft:leather":1,"minecraft:tuff":2,"additional_lights:fire_for_standing_torch_s":1,"minecraft:gunpowder":15,"minecraft:dirt":20,"untamedwilds:food_turtle_raw":4,"minecraft:bone":7,"chococraft:gysahl_green":170,"minecraft:acacia_planks":1,"chococraft:gold_gysahl":6,"untamedwilds:material_fat":2,"minecraft:wheat_seeds":12,"minecraft:raw_gold":1,"minecraft:moss_block":1,"duckling:duck_egg":3,"minecraft:jungle_planks":1,"orcz:blue_orcshroom":1,"dynamictrees:acacia_seed":8,"chococraft:gysahl_green_seeds":70,"alexsmobs:animal_dictionary":1,"minecraft:diamond":6,"dynamictrees:jungle_seed":5,"minecraft:granite":42,"minecraft:coal":20},"minecraft:crafted":{"minecraft:wooden_sword":1,"minecraft:furnace":1,"minecraft:stone_pickaxe":1,"minecraft:crafting_table":3,"minecraft:wooden_pickaxe":1,"minecraft:iron_sword":1,"minecraft:stone_axe":1,"minecraft:jungle_planks":36,"minecraft:shield":1,"minecraft:stick":4,"minecraft:iron_ingot":11,"minecraft:iron_pickaxe":1,"minecraft:stone_sword":1,"minecraft:acacia_planks":24},"minecraft:killed_by":{"minecraft:zombie":1},"minecraft:used":{"minecraft:stone_sword":53,"minecraft:shield":68,"minecraft:iron_sword":73,"minecraft:rotten_flesh":5,"minecraft:jungle_planks":4,"minecraft:furnace":3,"duckling:duck_egg":3,"untamedwilds:material_fat":2,"tombstone:gift":2,"minecraft:cobbled_deepslate":3,"minecraft:stone_pickaxe":98,"untamedwilds:food_turtle_raw":4,"minecraft:wooden_pickaxe":12,"minecraft:crafting_table":3,"chococraft:gysahl_green_seeds":7,"duckling:raw_duck":2,"minecraft:melon_slice":51,"minecraft:iron_pickaxe":63,"dynamictrees:acacia_seed":1,"minecraft:stone_axe":65,"minecraft:wooden_sword":3,"minecraft:cobblestone":84,"additional_lights:fire_for_standing_torch_s":1,"minecraft:porkchop":2,"chococraft:gysahl_green":124},"minecraft:custom":{"minecraft:mob_kills":33,"minecraft:interact_with_crafting_table":27,"minecraft:damage_dealt_resisted":90,"minecraft:leave_game":6,"minecraft:time_since_death":2429,"minecraft:climb_one_cm":621,"minecraft:sprint_one_cm":258234,"minecraft:walk_one_cm":317932,"minecraft:damage_blocked_by_shield":1945,"minecraft:drop":73,"minecraft:play_time":137839,"minecraft:deaths":12,"minecraft:sneak_time":1894,"minecraft:walk_under_water_one_cm":51436,"minecraft:jump":2775,"minecraft:walk_on_water_one_cm":33277,"minecraft:total_world_time":137839,"minecraft:interact_with_furnace":17,"minecraft:time_since_rest":1679,"minecraft:damage_taken":5629,"minecraft:damage_dealt":6350,"minecraft:swim_one_cm":51564,"minecraft:fly_one_cm":533929,"minecraft:player_kills":1,"minecraft:crouch_one_cm":2542,"tombstone:undead_killed":14,"minecraft:fall_one_cm":77852}},"DataVersion":3465}