{"stats":{"minecraft:picked_up":{"chococraft:loverly_gysahl_green":3,"minecraft:stick":16,"minecraft:raw_iron":6,"minecraft:leather":1,"medieval_craft_weapons:titanite_nugget_1":1,"minecraft:acacia_log":6,"minecraft:porkchop":2,"dynamictrees:acacia_seed":4,"chococraft:gysahl_green_seeds":33,"untamedwilds:food_turtle_raw":4,"chococraft:gysahl_green":67,"minecraft:rotten_flesh":3,"chococraft:gold_gysahl":2,"untamedwilds:material_fat":2,"minecraft:wheat_seeds":4,"untamedwilds:flora_water_hyacinth_item":1,"minecraft:coal":3,"minecraft:cobblestone":16,"minecraft:furnace":1},"minecraft:used":{"minecraft:stone_sword":27,"chococraft:gysahl_green_seeds":5,"minecraft:stone_pickaxe":25,"minecraft:wooden_pickaxe":12,"untamedwilds:food_turtle_raw":4,"minecraft:shield":10,"dynamictrees:acacia_seed":1,"minecraft:wooden_sword":3,"minecraft:cobblestone":1,"minecraft:furnace":1,"minecraft:crafting_table":2,"minecraft:porkchop":2,"tombstone:gift":2,"untamedwilds:material_fat":2,"chococraft:gysahl_green":48},"minecraft:crafted":{"minecraft:wooden_sword":1,"minecraft:shield":1,"minecraft:crafting_table":2,"minecraft:stick":4,"minecraft:wooden_pickaxe":1,"minecraft:iron_ingot":6,"minecraft:stone_pickaxe":1,"minecraft:stone_sword":1,"minecraft:furnace":1,"minecraft:acacia_planks":24},"minecraft:dropped":{"tombstone:grave_dust":1,"medieval_craft_weapons:titanite_nugget_1":1,"dynamictrees:acacia_seed":3},"minecraft:custom":{"minecraft:time_since_rest":3239,"minecraft:sprint_one_cm":104689,"minecraft:interact_with_furnace":7,"minecraft:damage_taken":1500,"minecraft:walk_one_cm":92729,"minecraft:damage_blocked_by_shield":325,"minecraft:mob_kills":6,"minecraft:drop":5,"minecraft:damage_dealt":1029,"minecraft:swim_one_cm":1153,"minecraft:interact_with_crafting_table":20,"minecraft:fly_one_cm":236097,"minecraft:play_time":43048,"minecraft:crouch_one_cm":107,"tombstone:undead_killed":1,"minecraft:deaths":3,"minecraft:sneak_time":196,"minecraft:walk_under_water_one_cm":59,"minecraft:jump":967,"minecraft:leave_game":5,"minecraft:time_since_death":5638,"minecraft:walk_on_water_one_cm":9228,"minecraft:climb_one_cm":60,"minecraft:total_world_time":43048,"minecraft:fall_one_cm":23613},"minecraft:mined":{"untamedwilds:block_burrow":1,"untamedwilds:flora_water_hyacinth":1,"minecraft:furnace":1,"minecraft:iron_ore":6,"alexsmobs:leafcutter_anthill":1,"minecraft:grass":49,"chococraft:gysahl_green":35,"minecraft:coal_ore":2,"untamedwilds:flora_elephant_ear":1,"alexsmobs:leafcutter_ant_chamber":1,"minecraft:tall_grass":7,"minecraft:bamboo":1,"minecraft:stone":16,"minecraft:fern":2},"minecraft:killed":{"untamedwilds:tortoise":1,"minecraft:zombie":1,"alexsmobs:seal":1,"untamedwilds:boar":2,"alexsmobs:seagull":1}},"DataVersion":3465}