{"stats":{"minecraft:broken":{"minecraft:stone_pickaxe":1},"minecraft:killed_by":{"minecraft:zombie":1},"minecraft:picked_up":{"minecraft:crafting_table":1,"chococraft:loverly_gysahl_green":13,"minecraft:chicken":2,"minecraft:clay_ball":16,"minecraft:lead":2,"alexsmobs:gazelle_horn":2,"minecraft:string":5,"minecraft:moss_carpet":2,"minecraft:cobbled_deepslate":56,"untamedwilds:flora_water_hyacinth_item":4,"minecraft:beef":15,"minecraft:iron_pickaxe":1,"minecraft:melon_slice":60,"minecraft:furnace":6,"duckling:raw_duck":3,"minecraft:stick":39,"minecraft:raw_iron":57,"minecraft:sandstone":18,"minecraft:acacia_log":6,"medieval_craft_weapons:titanite_nugget_1":7,"untamedwilds:flora_bush_temperate":1,"minecraft:porkchop":10,"tombstone:grave_dust":2,"minecraft:diorite":12,"minecraft:stone_sword":1,"minecraft:arrow":11,"minecraft:rotten_flesh":12,"orcz:orcshroom":3,"chococraft:chocobo_drumstick_raw":1,"minecraft:mutton":4,"untamedwilds:flora_yarrow":1,"minecraft:white_wool":3,"minecraft:cobblestone":132,"minecraft:feather":3,"orcz:orcteeth":1,"minecraft:andesite":1,"minecraft:jungle_log":9,"minecraft:leather":18,"minecraft:tuff":2,"additional_lights:fire_for_standing_torch_s":1,"minecraft:gunpowder":15,"minecraft:lapis_lazuli":42,"minecraft:dirt":20,"untamedwilds:food_turtle_raw":4,"chococraft:chocobo_feather":1,"minecraft:bone":29,"minecraft:acacia_planks":1,"chococraft:gysahl_green":234,"untamedwilds:material_fat":6,"chococraft:gold_gysahl":6,"minecraft:wheat_seeds":12,"alexsmobs:cockroach_wing_fragment":1,"minecraft:raw_gold":3,"minecraft:iron_ingot":6,"minecraft:moss_block":1,"duckling:duck_egg":3,"mca:matchmakers_ring":1,"orcz:blue_orcshroom":1,"minecraft:jungle_planks":1,"dynamictrees:acacia_seed":8,"chococraft:gysahl_green_seeds":95,"alexsmobs:animal_dictionary":1,"minecraft:diamond":6,"dynamictrees:jungle_seed":5,"minecraft:granite":48,"minecraft:emerald":2,"tombstone:magic_scroll":1,"minecraft:netherrack":4,"minecraft:coal":139},"minecraft:used":{"minecraft:stone_sword":53,"minecraft:shield":99,"minecraft:iron_sword":175,"minecraft:rotten_flesh":5,"minecraft:netherrack":2,"minecraft:iron_chestplate":1,"minecraft:mutton":2,"minecraft:jungle_planks":4,"chococraft:chocobo_drumstick_raw":1,"minecraft:iron_boots":1,"minecraft:beef":5,"duckling:duck_egg":3,"minecraft:furnace":5,"tombstone:gift":2,"untamedwilds:material_fat":6,"minecraft:cooked_beef":8,"minecraft:cobbled_deepslate":31,"untamedwilds:flora_yarrow":1,"minecraft:cooked_mutton":1,"minecraft:stone_pickaxe":143,"untamedwilds:food_turtle_raw":4,"minecraft:wooden_pickaxe":12,"minecraft:crafting_table":4,"chococraft:gysahl_green_seeds":7,"duckling:raw_duck":2,"minecraft:melon_slice":60,"minecraft:iron_pickaxe":149,"dynamictrees:acacia_seed":1,"minecraft:stone_axe":78,"minecraft:wooden_sword":3,"minecraft:cobblestone":103,"additional_lights:fire_for_standing_torch_s":1,"minecraft:porkchop":7,"untamedwilds:flora_bush_temperate":1,"minecraft:andesite":1,"chococraft:gysahl_green":182},"minecraft:crafted":{"minecraft:wooden_sword":1,"minecraft:cooked_chicken":2,"minecraft:furnace":1,"minecraft:cooked_mutton":2,"minecraft:iron_boots":1,"minecraft:stone_pickaxe":1,"minecraft:cooked_beef":8,"minecraft:crafting_table":3,"minecraft:wooden_pickaxe":1,"minecraft:iron_helmet":1,"minecraft:iron_sword":1,"minecraft:stone_axe":1,"minecraft:jungle_planks":36,"minecraft:iron_chestplate":1,"minecraft:shield":1,"minecraft:stick":4,"minecraft:iron_ingot":31,"minecraft:iron_pickaxe":1,"minecraft:stone_sword":1,"minecraft:iron_leggings":1,"minecraft:acacia_planks":24},"minecraft:custom":{"minecraft:mob_kills":68,"minecraft:interact_with_crafting_table":56,"minecraft:damage_dealt_resisted":90,"minecraft:leave_game":8,"minecraft:time_since_death":73506,"minecraft:climb_one_cm":835,"minecraft:sprint_one_cm":406954,"minecraft:walk_one_cm":452051,"minecraft:damage_blocked_by_shield":3005,"minecraft:drop":87,"minecraft:play_time":208916,"minecraft:sneak_time":3435,"minecraft:deaths":12,"minecraft:walk_under_water_one_cm":56696,"minecraft:jump":4276,"minecraft:walk_on_water_one_cm":52707,"minecraft:total_world_time":208916,"minecraft:interact_with_furnace":38,"minecraft:time_since_rest":72756,"minecraft:damage_taken":7595,"minecraft:damage_dealt":12900,"minecraft:player_kills":1,"minecraft:swim_one_cm":59529,"minecraft:fly_one_cm":772211,"minecraft:crouch_one_cm":4635,"tombstone:undead_killed":29,"minecraft:fall_one_cm":129843},"minecraft:dropped":{"minecraft:moss_block":1,"minecraft:wheat_seeds":15,"chococraft:gold_gysahl":6,"minecraft:cobblestone":8,"orcz:blue_orcshroom":1,"minecraft:leather":1,"minecraft:granite":45,"minecraft:dirt":20,"dynamictrees:jungle_seed":5,"minecraft:diorite":6,"tombstone:grave_dust":3,"minecraft:iron_pickaxe":1,"minecraft:string":2,"minecraft:white_wool":2,"dynamictrees:acacia_seed":7,"minecraft:gravel":2,"duckling:raw_duck":1,"minecraft:furnace":1,"minecraft:moss_carpet":2,"minecraft:stone_sword":2,"alexsmobs:animal_dictionary":2,"minecraft:cobbled_deepslate":25,"minecraft:tuff":2,"tombstone:gift":1,"minecraft:rotten_flesh":5,"minecraft:clay_ball":16,"orcz:orcshroom":3,"minecraft:gunpowder":15,"alexsmobs:cockroach_wing_fragment":1,"medieval_craft_weapons:titanite_nugget_1":3,"minecraft:sandstone":18,"minecraft:wooden_pickaxe":1,"untamedwilds:flora_water_hyacinth_item":3,"minecraft:netherrack":2},"minecraft:mined":{"minecraft:tuff":2,"minecraft:deepslate_diamond_ore":7,"alexsmobs:leafcutter_anthill":2,"minecraft:granite":7,"minecraft:grass_block":3,"minecraft:jungle_planks":1,"alexsmobs:leafcutter_ant_chamber":2,"minecraft:moss_block":1,"minecraft:sandstone":1,"dynamictrees:oak_leaves":1,"untamedwilds:flora_yarrow":1,"minecraft:furnace":5,"minecraft:iron_ore":46,"minecraft:andesite":2,"minecraft:deepslate_lapis_ore":7,"chococraft:gysahl_green":102,"minecraft:deepslate_iron_ore":11,"minecraft:rail":1,"dynamictrees:jungle_sapling":1,"minecraft:bamboo":1,"minecraft:stone":61,"untamedwilds:flora_water_hyacinth":3,"minecraft:clay":5,"minecraft:crafting_table":1,"untamedwilds:flora_bush_temperate":1,"minecraft:emerald_ore":2,"minecraft:poppy":1,"minecraft:melon":14,"minecraft:dead_bush":1,"untamedwilds:flora_elephant_ear":1,"minecraft:tall_grass":14,"minecraft:cobblestone":7,"minecraft:deepslate_gold_ore":1,"minecraft:diorite":8,"untamedwilds:block_burrow":3,"additional_lights:fire_for_standing_torch_s":1,"minecraft:grass":86,"minecraft:coal_ore":55,"minecraft:dirt":1,"minecraft:gold_ore":2,"minecraft:deepslate":55,"minecraft:fern":2},"minecraft:killed":{"minecraft:cave_spider":1,"minecraft:spider":3,"alexsmobs:seagull":1,"alexsmobs:gorilla":1,"minecraft:skeleton":14,"alexsmobs:leafcutter_ant":1,"minecraft:drowned":1,"minecraft:husk":2,"minecraft:pig":5,"untamedwilds:terror_bird":1,"duckling:duck":1,"orcz:goblinsavagemace":1,"alexsmobs:seal":2,"untamedwilds:boar":2,"minecraft:sheep":2,"untamedwilds:tortoise":1,"minecraft:zombie":12,"alexsmobs:cockroach":2,"alexsmobs:gazelle":2,"untamedwilds:bison":5,"alexsmobs:crow":2,"chococraft:chocobo":2,"minecraft:cow":2}},"DataVersion":3465}