{"stats":{"minecraft:picked_up":{"minecraft:crafting_table":1,"chococraft:loverly_gysahl_green":3,"orcz:orcteeth":1,"minecraft:clay_ball":12,"minecraft:jungle_log":9,"minecraft:leather":1,"minecraft:tuff":2,"additional_lights:fire_for_standing_torch_s":1,"minecraft:gunpowder":15,"minecraft:string":2,"minecraft:dirt":1,"untamedwilds:food_turtle_raw":4,"minecraft:bone":7,"minecraft:acacia_planks":1,"chococraft:gysahl_green":93,"untamedwilds:material_fat":2,"chococraft:gold_gysahl":2,"minecraft:raw_gold":1,"minecraft:cobbled_deepslate":48,"minecraft:wheat_seeds":11,"untamedwilds:flora_water_hyacinth_item":2,"minecraft:melon_slice":51,"duckling:raw_duck":2,"duckling:duck_egg":3,"minecraft:furnace":4,"minecraft:sandstone":18,"minecraft:stick":23,"minecraft:raw_iron":29,"minecraft:acacia_log":6,"medieval_craft_weapons:titanite_nugget_1":6,"minecraft:jungle_planks":1,"minecraft:porkchop":2,"orcz:blue_orcshroom":1,"dynamictrees:acacia_seed":8,"chococraft:gysahl_green_seeds":37,"tombstone:grave_dust":2,"minecraft:arrow":4,"minecraft:rotten_flesh":8,"minecraft:diamond":6,"orcz:orcshroom":3,"dynamictrees:jungle_seed":5,"minecraft:granite":42,"minecraft:coal":20,"minecraft:cobblestone":99},"minecraft:used":{"minecraft:stone_sword":53,"minecraft:stone_pickaxe":89,"untamedwilds:food_turtle_raw":4,"minecraft:shield":58,"minecraft:wooden_pickaxe":12,"minecraft:iron_sword":56,"minecraft:rotten_flesh":5,"minecraft:crafting_table":3,"minecraft:jungle_planks":4,"chococraft:gysahl_green_seeds":5,"minecraft:iron_pickaxe":51,"duckling:raw_duck":1,"minecraft:melon_slice":51,"dynamictrees:acacia_seed":1,"minecraft:stone_axe":22,"minecraft:wooden_sword":3,"minecraft:cobblestone":68,"additional_lights:fire_for_standing_torch_s":1,"duckling:duck_egg":3,"minecraft:furnace":3,"minecraft:porkchop":2,"untamedwilds:material_fat":2,"tombstone:gift":2,"chococraft:gysahl_green":93},"minecraft:crafted":{"minecraft:wooden_sword":1,"minecraft:crafting_table":3,"minecraft:wooden_pickaxe":1,"minecraft:iron_sword":1,"minecraft:furnace":1,"minecraft:stone_axe":1,"minecraft:jungle_planks":36,"minecraft:shield":1,"minecraft:stick":4,"minecraft:iron_ingot":11,"minecraft:iron_pickaxe":1,"minecraft:stone_pickaxe":1,"minecraft:stone_sword":1,"minecraft:acacia_planks":24},"minecraft:custom":{"minecraft:interact_with_furnace":16,"minecraft:mob_kills":25,"minecraft:interact_with_crafting_table":25,"minecraft:damage_dealt_resisted":90,"minecraft:leave_game":5,"minecraft:time_since_death":41900,"minecraft:climb_one_cm":313,"minecraft:time_since_rest":41673,"minecraft:sprint_one_cm":219027,"minecraft:damage_taken":3509,"minecraft:walk_one_cm":279560,"minecraft:damage_blocked_by_shield":1715,"minecraft:drop":42,"minecraft:damage_dealt":4899,"minecraft:swim_one_cm":3203,"minecraft:player_kills":1,"minecraft:fly_one_cm":440999,"minecraft:crouch_one_cm":1918,"minecraft:play_time":103048,"tombstone:undead_killed":12,"minecraft:deaths":5,"minecraft:sneak_time":1286,"minecraft:walk_under_water_one_cm":2248,"minecraft:jump":2270,"minecraft:walk_on_water_one_cm":17122,"minecraft:total_world_time":103048,"minecraft:fall_one_cm":59827},"minecraft:dropped":{"minecraft:furnace":1,"duckling:raw_duck":1,"minecraft:wheat_seeds":12,"minecraft:rotten_flesh":3,"orcz:blue_orcshroom":1,"minecraft:leather":1,"minecraft:granite":42,"orcz:orcshroom":3,"minecraft:dirt":1,"dynamictrees:jungle_seed":5,"minecraft:gunpowder":15,"tombstone:grave_dust":3,"medieval_craft_weapons:titanite_nugget_1":3,"minecraft:sandstone":18,"minecraft:wooden_pickaxe":1,"untamedwilds:flora_water_hyacinth_item":2,"dynamictrees:acacia_seed":7},"minecraft:mined":{"minecraft:tuff":2,"untamedwilds:flora_water_hyacinth":1,"minecraft:deepslate_diamond_ore":7,"alexsmobs:leafcutter_anthill":2,"minecraft:clay":3,"minecraft:crafting_table":1,"minecraft:granite":4,"minecraft:grass_block":1,"minecraft:jungle_planks":1,"minecraft:melon":12,"minecraft:dead_bush":1,"alexsmobs:leafcutter_ant_chamber":2,"untamedwilds:flora_elephant_ear":1,"minecraft:tall_grass":7,"minecraft:cobblestone":2,"minecraft:deepslate_gold_ore":1,"minecraft:sandstone":1,"untamedwilds:block_burrow":1,"minecraft:furnace":3,"additional_lights:fire_for_standing_torch_s":1,"minecraft:iron_ore":28,"minecraft:grass":57,"minecraft:deepslate_iron_ore":1,"chococraft:gysahl_green":36,"minecraft:coal_ore":8,"dynamictrees:jungle_sapling":1,"minecraft:bamboo":1,"minecraft:stone":31,"minecraft:deepslate":45,"minecraft:fern":2},"minecraft:killed":{"orcz:goblinsavagemace":1,"minecraft:spider":2,"alexsmobs:seal":1,"untamedwilds:boar":2,"alexsmobs:seagull":1,"alexsmobs:gorilla":1,"minecraft:skeleton":6,"untamedwilds:tortoise":1,"alexsmobs:cockroach":1,"minecraft:zombie":6,"alexsmobs:leafcutter_ant":1}},"DataVersion":3465}