{"stats":{"minecraft:mined":{"minecraft:grass":1,"minecraft:oak_leaves":2},"minecraft:custom":{"minecraft:jump":57,"minecraft:time_since_rest":6688,"minecraft:walk_on_water_one_cm":2085,"minecraft:damage_taken":40,"minecraft:crouch_one_cm":85,"minecraft:sprint_one_cm":9240,"minecraft:leave_game":1,"minecraft:play_time":6688,"minecraft:time_since_death":6688,"minecraft:walk_one_cm":4433,"minecraft:sneak_time":10,"minecraft:total_world_time":6688,"minecraft:walk_under_water_one_cm":60,"minecraft:swim_one_cm":408,"minecraft:fall_one_cm":2464,"minecraft:fly_one_cm":12289},"minecraft:used":{"alexsmobs:animal_dictionary":2}},"DataVersion":3465}