{"stats":{"minecraft:killed_by":{"minecraft:zombie":1},"minecraft:broken":{"minecraft:stone_pickaxe":1,"minecraft:iron_sword":1},"minecraft:killed":{"minecraft:cave_spider":4,"minecraft:spider":4,"alexsmobs:seagull":1,"alexsmobs:gorilla":1,"minecraft:skeleton":21,"alexsmobs:leafcutter_ant":1,"minecraft:silverfish":1,"minecraft:drowned":1,"minecraft:husk":2,"minecraft:pig":5,"untamedwilds:terror_bird":1,"duckling:duck":1,"orcz:goblinsavagemace":1,"untamedwilds:boar":2,"alexsmobs:seal":2,"minecraft:creeper":1,"minecraft:sheep":2,"untamedwilds:tortoise":1,"minecraft:zombie":31,"alexsmobs:cockroach":3,"alexsmobs:gazelle":2,"untamedwilds:bison":5,"alexsmobs:crow":2,"chococraft:chocobo":2,"minecraft:cow":2},"minecraft:custom":{"minecraft:mob_kills":102,"minecraft:interact_with_crafting_table":67,"minecraft:damage_dealt_resisted":90,"minecraft:leave_game":10,"minecraft:time_since_death":2402,"minecraft:climb_one_cm":835,"minecraft:sprint_one_cm":573940,"minecraft:walk_one_cm":606604,"minecraft:damage_blocked_by_shield":4985,"minecraft:drop":101,"minecraft:play_time":260683,"minecraft:sneak_time":3765,"minecraft:deaths":14,"minecraft:walk_under_water_one_cm":59421,"minecraft:jump":5267,"minecraft:walk_on_water_one_cm":56638,"minecraft:total_world_time":260683,"minecraft:interact_with_furnace":38,"minecraft:time_since_rest":1481,"minecraft:damage_taken":8945,"minecraft:damage_dealt":18443,"minecraft:player_kills":1,"minecraft:swim_one_cm":60413,"minecraft:fly_one_cm":925156,"minecraft:open_chest":5,"minecraft:crouch_one_cm":5475,"tombstone:undead_killed":55,"minecraft:fall_one_cm":155736},"minecraft:picked_up":{"minecraft:crafting_table":3,"chococraft:loverly_gysahl_green":13,"minecraft:chicken":2,"minecraft:clay_ball":16,"minecraft:lead":2,"minecraft:shield":1,"alexsmobs:gazelle_horn":2,"minecraft:string":14,"minecraft:moss_carpet":2,"minecraft:cobbled_deepslate":122,"minecraft:smooth_stone":1,"untamedwilds:flora_water_hyacinth_item":4,"minecraft:beef":15,"minecraft:iron_pickaxe":2,"minecraft:melon_slice":60,"minecraft:coal_block":6,"minecraft:furnace":6,"duckling:raw_duck":3,"minecraft:stick":39,"minecraft:raw_iron":125,"minecraft:sandstone":18,"minecraft:stone":2,"minecraft:oak_fence":4,"minecraft:acacia_log":6,"medieval_craft_weapons:titanite_nugget_1":7,"untamedwilds:flora_bush_temperate":1,"minecraft:porkchop":10,"tombstone:grave_dust":11,"minecraft:diorite":12,"alexsmobs:centipede_leg":2,"minecraft:stone_sword":1,"minecraft:arrow":17,"minecraft:rotten_flesh":36,"minecraft:diamond_chestplate":1,"minecraft:nether_bricks":1,"orcz:orcshroom":3,"tombstone:essence_of_undeath":2,"chococraft:chocobo_drumstick_raw":1,"minecraft:mutton":4,"untamedwilds:flora_yarrow":1,"minecraft:white_wool":3,"minecraft:cobblestone":132,"minecraft:feather":3,"orcz:orcteeth":1,"minecraft:andesite":1,"minecraft:jungle_log":9,"minecraft:leather":18,"minecraft:tuff":4,"additional_lights:fire_for_standing_torch_s":1,"minecraft:oak_log":2,"minecraft:gunpowder":15,"minecraft:lapis_lazuli":96,"minecraft:dirt":22,"untamedwilds:food_turtle_raw":4,"chococraft:chocobo_feather":1,"minecraft:bone":41,"minecraft:acacia_planks":1,"chococraft:gysahl_green":234,"minecraft:stone_bricks":1,"untamedwilds:material_fat":6,"chococraft:gold_gysahl":6,"minecraft:bow":1,"minecraft:wheat_seeds":12,"minecraft:raw_gold":32,"alexsmobs:cockroach_wing_fragment":1,"minecraft:iron_ingot":6,"tombstone:bag_of_seeds":1,"minecraft:moss_block":1,"duckling:duck_egg":3,"minecraft:book":6,"mca:matchmakers_ring":1,"minecraft:gravel":5,"orcz:blue_orcshroom":1,"minecraft:jungle_planks":1,"dynamictrees:acacia_seed":8,"chococraft:gysahl_green_seeds":95,"alexsmobs:animal_dictionary":1,"minecraft:mossy_cobblestone":1,"minecraft:diamond":7,"dynamictrees:jungle_seed":5,"minecraft:granite":48,"minecraft:golden_apple":2,"minecraft:emerald":2,"tombstone:magic_scroll":1,"minecraft:netherrack":4,"minecraft:coal":157},"minecraft:dropped":{"minecraft:moss_block":1,"minecraft:wheat_seeds":15,"chococraft:gold_gysahl":6,"minecraft:feather":3,"minecraft:cobblestone":8,"orcz:blue_orcshroom":1,"minecraft:leather":1,"chococraft:gysahl_green_seeds":24,"minecraft:granite":48,"minecraft:dirt":20,"dynamictrees:jungle_seed":5,"minecraft:diorite":6,"tombstone:grave_dust":3,"minecraft:iron_pickaxe":1,"minecraft:smooth_stone":1,"minecraft:string":2,"minecraft:white_wool":2,"dynamictrees:acacia_seed":7,"minecraft:acacia_planks":4,"minecraft:gravel":2,"duckling:raw_duck":1,"minecraft:furnace":1,"minecraft:moss_carpet":2,"minecraft:stone_sword":2,"alexsmobs:animal_dictionary":2,"minecraft:cobbled_deepslate":25,"minecraft:tuff":2,"tombstone:gift":1,"minecraft:rotten_flesh":5,"minecraft:clay_ball":16,"orcz:orcshroom":3,"minecraft:nether_bricks":1,"minecraft:stone":2,"minecraft:gunpowder":15,"orcz:orcteeth":1,"alexsmobs:cockroach_wing_fragment":1,"medieval_craft_weapons:titanite_nugget_1":3,"tombstone:essence_of_undeath":1,"minecraft:sandstone":18,"untamedwilds:flora_water_hyacinth_item":3,"minecraft:wooden_pickaxe":1,"chococraft:gysahl_green":5,"minecraft:netherrack":2},"minecraft:used":{"minecraft:oak_fence":4,"minecraft:stone_sword":53,"minecraft:shield":166,"minecraft:iron_sword":272,"minecraft:cooked_chicken":2,"minecraft:rotten_flesh":13,"minecraft:netherrack":2,"minecraft:iron_chestplate":1,"minecraft:dirt":2,"minecraft:mutton":2,"minecraft:jungle_planks":4,"minecraft:tuff":2,"chococraft:chocobo_drumstick_raw":1,"minecraft:iron_boots":1,"minecraft:bow":18,"minecraft:beef":5,"duckling:duck_egg":3,"minecraft:furnace":5,"tombstone:gift":2,"untamedwilds:material_fat":6,"minecraft:cooked_beef":8,"minecraft:cobbled_deepslate":86,"untamedwilds:flora_yarrow":1,"minecraft:cooked_mutton":2,"minecraft:stone_pickaxe":143,"untamedwilds:food_turtle_raw":4,"minecraft:wooden_pickaxe":12,"minecraft:crafting_table":6,"chococraft:gysahl_green_seeds":7,"duckling:raw_duck":2,"minecraft:bread":4,"minecraft:melon_slice":60,"minecraft:iron_pickaxe":318,"dynamictrees:acacia_seed":1,"minecraft:gravel":5,"minecraft:stone_axe":83,"minecraft:wooden_sword":3,"minecraft:cobblestone":108,"additional_lights:fire_for_standing_torch_s":1,"minecraft:porkchop":7,"untamedwilds:flora_bush_temperate":1,"minecraft:andesite":1,"chococraft:gysahl_green":209},"minecraft:mined":{"minecraft:tuff":4,"minecraft:mossy_cobblestone":1,"minecraft:deepslate_diamond_ore":8,"alexsmobs:leafcutter_anthill":2,"minecraft:nether_bricks":4,"minecraft:granite":7,"minecraft:grass_block":3,"minecraft:jungle_planks":1,"alexsmobs:leafcutter_ant_chamber":2,"minecraft:coal_block":6,"minecraft:moss_block":1,"minecraft:sandstone":1,"minecraft:spawner":1,"untamedwilds:flora_yarrow":1,"dynamictrees:oak_leaves":1,"minecraft:furnace":5,"minecraft:iron_ore":62,"minecraft:andesite":2,"minecraft:deepslate_lapis_ore":13,"minecraft:bookshelf":2,"chococraft:gysahl_green":102,"minecraft:deepslate_iron_ore":47,"minecraft:rail":1,"dynamictrees:jungle_sapling":1,"minecraft:bamboo":1,"minecraft:stone":61,"untamedwilds:flora_water_hyacinth":3,"minecraft:clay":5,"minecraft:crafting_table":3,"untamedwilds:flora_bush_temperate":1,"minecraft:emerald_ore":2,"minecraft:poppy":1,"minecraft:melon":14,"minecraft:dead_bush":1,"untamedwilds:flora_elephant_ear":1,"minecraft:tall_grass":14,"minecraft:cobblestone":7,"minecraft:deepslate_gold_ore":23,"minecraft:diorite":9,"untamedwilds:block_burrow":3,"additional_lights:fire_for_standing_torch_s":1,"minecraft:grass":86,"minecraft:coal_ore":55,"minecraft:gravel":5,"minecraft:dirt":1,"minecraft:cobweb":10,"minecraft:netherrack":1,"minecraft:gold_ore":2,"minecraft:deepslate":124,"minecraft:fern":2},"minecraft:crafted":{"minecraft:wooden_sword":1,"minecraft:cooked_chicken":2,"minecraft:furnace":1,"minecraft:cooked_mutton":2,"minecraft:iron_boots":1,"minecraft:stone_pickaxe":1,"minecraft:chest":1,"minecraft:cooked_beef":8,"sophisticatedbackpacks:backpack":1,"minecraft:crafting_table":4,"minecraft:wooden_pickaxe":1,"minecraft:iron_helmet":1,"minecraft:iron_sword":2,"minecraft:stone_axe":1,"minecraft:jungle_planks":36,"minecraft:iron_chestplate":1,"minecraft:shield":1,"minecraft:stick":4,"minecraft:iron_ingot":31,"minecraft:iron_pickaxe":1,"minecraft:stone_sword":1,"minecraft:iron_leggings":1,"minecraft:acacia_planks":24}},"DataVersion":3465}