{"stats":{"minecraft:picked_up":{"minecraft:crafting_table":1,"chococraft:loverly_gysahl_green":3,"minecraft:jungle_log":9,"minecraft:leather":1,"minecraft:dirt":1,"untamedwilds:food_turtle_raw":4,"chococraft:gysahl_green":72,"untamedwilds:material_fat":2,"chococraft:gold_gysahl":2,"minecraft:wheat_seeds":5,"untamedwilds:flora_water_hyacinth_item":1,"minecraft:melon_slice":51,"minecraft:furnace":1,"minecraft:sandstone":1,"minecraft:stick":23,"minecraft:raw_iron":11,"minecraft:acacia_log":6,"medieval_craft_weapons:titanite_nugget_1":1,"minecraft:porkchop":2,"dynamictrees:acacia_seed":4,"chococraft:gysahl_green_seeds":35,"minecraft:rotten_flesh":3,"dynamictrees:jungle_seed":1,"minecraft:granite":2,"minecraft:coal":8,"minecraft:cobblestone":23},"minecraft:used":{"minecraft:stone_sword":42,"minecraft:stone_pickaxe":48,"untamedwilds:food_turtle_raw":4,"minecraft:shield":11,"minecraft:wooden_pickaxe":12,"minecraft:crafting_table":3,"chococraft:gysahl_green_seeds":5,"minecraft:melon_slice":15,"dynamictrees:acacia_seed":1,"minecraft:stone_axe":21,"minecraft:wooden_sword":3,"minecraft:cobblestone":1,"minecraft:furnace":1,"minecraft:porkchop":2,"untamedwilds:material_fat":2,"tombstone:gift":2,"chococraft:gysahl_green":49},"minecraft:crafted":{"minecraft:wooden_sword":1,"minecraft:crafting_table":3,"minecraft:wooden_pickaxe":1,"minecraft:furnace":1,"minecraft:stone_axe":1,"minecraft:jungle_planks":36,"minecraft:shield":1,"minecraft:stick":4,"minecraft:iron_ingot":6,"minecraft:stone_pickaxe":1,"minecraft:stone_sword":1,"minecraft:acacia_planks":24},"minecraft:dropped":{"dynamictrees:jungle_seed":1,"tombstone:grave_dust":1,"medieval_craft_weapons:titanite_nugget_1":1,"dynamictrees:acacia_seed":3},"minecraft:custom":{"minecraft:interact_with_furnace":7,"minecraft:mob_kills":9,"minecraft:interact_with_crafting_table":22,"minecraft:leave_game":5,"minecraft:time_since_death":17638,"minecraft:climb_one_cm":313,"minecraft:time_since_rest":15239,"minecraft:sprint_one_cm":133697,"minecraft:damage_taken":1705,"minecraft:walk_one_cm":136829,"minecraft:damage_blocked_by_shield":445,"minecraft:drop":6,"minecraft:damage_dealt":1453,"minecraft:swim_one_cm":1153,"minecraft:fly_one_cm":287640,"minecraft:crouch_one_cm":135,"minecraft:play_time":55048,"tombstone:undead_killed":1,"minecraft:deaths":3,"minecraft:sneak_time":248,"minecraft:walk_under_water_one_cm":59,"minecraft:jump":1201,"minecraft:walk_on_water_one_cm":9228,"minecraft:total_world_time":55048,"minecraft:fall_one_cm":30954},"minecraft:mined":{"untamedwilds:flora_water_hyacinth":1,"alexsmobs:leafcutter_anthill":2,"minecraft:crafting_table":1,"minecraft:granite":2,"minecraft:grass_block":1,"minecraft:melon":12,"minecraft:dead_bush":1,"alexsmobs:leafcutter_ant_chamber":2,"untamedwilds:flora_elephant_ear":1,"minecraft:tall_grass":7,"minecraft:sandstone":1,"untamedwilds:block_burrow":1,"minecraft:furnace":1,"minecraft:iron_ore":11,"minecraft:grass":55,"chococraft:gysahl_green":36,"minecraft:coal_ore":7,"dynamictrees:jungle_sapling":1,"minecraft:bamboo":1,"minecraft:stone":24,"minecraft:fern":2},"minecraft:killed":{"alexsmobs:seal":1,"untamedwilds:boar":2,"alexsmobs:seagull":1,"alexsmobs:gorilla":1,"untamedwilds:tortoise":1,"minecraft:zombie":1,"alexsmobs:leafcutter_ant":1}},"DataVersion":3465}