{"stats":{"minecraft:killed":{"alexsmobs:seal":1,"minecraft:cow":2},"minecraft:crafted":{"minecraft:crafting_table":1,"minecraft:stick":12,"minecraft:wooden_pickaxe":1,"minecraft:stone_pickaxe":1,"minecraft:wooden_axe":1,"minecraft:stone_sword":1,"minecraft:furnace":1,"minecraft:acacia_planks":28,"minecraft:stone_axe":1},"minecraft:used":{"minecraft:wooden_axe":10,"minecraft:stone_sword":2,"minecraft:stone_pickaxe":3,"minecraft:wooden_pickaxe":21,"minecraft:stone_axe":1,"minecraft:dirt":11,"minecraft:crafting_table":3,"minecraft:furnace":1},"minecraft:picked_up":{"minecraft:raw_iron":1,"minecraft:stick":9,"minecraft:crafting_table":3,"minecraft:leather":3,"minecraft:acacia_log":13,"dynamictrees:acacia_seed":4,"minecraft:dirt":16,"minecraft:beef":4,"minecraft:coal":2,"minecraft:cobblestone":20},"minecraft:custom":{"minecraft:time_since_rest":17668,"minecraft:interact_with_furnace":1,"minecraft:sprint_one_cm":2090,"minecraft:damage_taken":120,"minecraft:walk_one_cm":50389,"minecraft:mob_kills":3,"minecraft:drop":6,"minecraft:damage_dealt":408,"minecraft:interact_with_crafting_table":4,"minecraft:fly_one_cm":477,"minecraft:crouch_one_cm":78,"minecraft:play_time":17668,"minecraft:sneak_time":9,"minecraft:jump":82,"minecraft:time_since_death":17668,"minecraft:total_world_time":17668},"minecraft:dropped":{"minecraft:acacia_log":6},"minecraft:mined":{"minecraft:iron_ore":1,"minecraft:crafting_table":3,"minecraft:grass":6,"minecraft:grass_block":3,"minecraft:coal_ore":2,"minecraft:dirt":13,"minecraft:tall_grass":2,"minecraft:stone":20}},"DataVersion":3465}