{"stats":{"minecraft:killed_by":{"minecraft:player":1},"minecraft:picked_up":{"minecraft:crafting_table":6,"chococraft:loverly_gysahl_green":2,"minecraft:wooden_pickaxe":1,"minecraft:string":6,"minecraft:raw_copper":4,"minecraft:wooden_sword":1,"minecraft:cobbled_deepslate":18,"untamedwilds:flora_water_hyacinth_item":1,"minecraft:beef":10,"minecraft:iron_pickaxe":1,"duckling:raw_duck":1,"minecraft:furnace":8,"minecraft:stick":24,"minecraft:raw_iron":13,"minecraft:sandstone":48,"minecraft:torch":1,"medieval_craft_weapons:titanite_nugget_1":2,"minecraft:acacia_log":13,"minecraft:porkchop":9,"orcz:squigs_claws":3,"tombstone:grave_dust":4,"minecraft:diorite":7,"minecraft:rotten_flesh":11,"minecraft:stone_sword":1,"minecraft:arrow":6,"orcz:orcshroom":2,"minecraft:cobblestone":42,"minecraft:feather":2,"minecraft:cooked_beef":1,"orcz:orcteeth":3,"minecraft:jungle_log":14,"minecraft:andesite":2,"minecraft:leather":4,"minecraft:tuff":3,"minecraft:gunpowder":10,"minecraft:dirt":20,"untamedwilds:food_turtle_raw":4,"minecraft:bone":7,"chococraft:gysahl_green":60,"minecraft:bow":2,"minecraft:wheat_seeds":23,"minecraft:raw_gold":3,"minecraft:stone_pickaxe":1,"minecraft:cooked_porkchop":1,"minecraft:sand":31,"orcz:blue_orcshroom":1,"dynamictrees:acacia_seed":4,"chococraft:gysahl_green_seeds":25,"minecraft:stripped_jungle_log":2,"minecraft:diamond":3,"dynamictrees:jungle_seed":4,"minecraft:granite":71,"minecraft:coal":29},"minecraft:crafted":{"minecraft:furnace":1,"minecraft:stone_pickaxe":1,"minecraft:cooked_beef":3,"minecraft:cooked_porkchop":7,"minecraft:crafting_table":1,"minecraft:wooden_pickaxe":1,"minecraft:iron_sword":1,"additional_lights:fire_for_standing_torch_s":3,"minecraft:stone_axe":1,"minecraft:air":0,"minecraft:jungle_planks":56,"minecraft:shield":1,"minecraft:stick":24,"minecraft:iron_ingot":6,"minecraft:iron_pickaxe":1,"minecraft:wooden_axe":1,"minecraft:stone_sword":1,"minecraft:acacia_planks":28,"minecraft:torch":44,"tombstone:bone_needle":1},"minecraft:used":{"minecraft:stone_sword":129,"minecraft:shield":20,"minecraft:iron_sword":41,"minecraft:rotten_flesh":2,"minecraft:torch":42,"minecraft:dirt":11,"minecraft:wooden_axe":10,"minecraft:furnace":7,"tombstone:gift":4,"minecraft:cooked_beef":3,"minecraft:cobbled_deepslate":6,"minecraft:stone_pickaxe":87,"minecraft:wooden_pickaxe":21,"minecraft:sand":2,"minecraft:crafting_table":6,"minecraft:iron_pickaxe":31,"minecraft:stone_axe":9,"additional_lights:fire_for_standing_torch_s":2,"minecraft:cooked_porkchop":8,"chococraft:gysahl_green":59},"minecraft:dropped":{"chococraft:loverly_gysahl_green":2,"minecraft:wheat_seeds":23,"untamedwilds:food_turtle_raw":4,"minecraft:feather":2,"orcz:blue_orcshroom":1,"chococraft:gysahl_green_seeds":25,"minecraft:granite":71,"minecraft:stripped_jungle_log":2,"minecraft:acacia_log":6,"minecraft:dirt":7,"dynamictrees:jungle_seed":4,"minecraft:diorite":6,"minecraft:wooden_axe":1,"minecraft:wooden_sword":1,"minecraft:iron_pickaxe":1,"minecraft:string":2,"dynamictrees:acacia_seed":4,"minecraft:acacia_planks":1,"duckling:raw_duck":1,"minecraft:furnace":1,"minecraft:stone_sword":1,"minecraft:rotten_flesh":8,"orcz:orcshroom":2,"minecraft:gunpowder":10,"minecraft:andesite":2,"medieval_craft_weapons:titanite_nugget_1":2,"minecraft:sandstone":48,"minecraft:beef":6,"untamedwilds:flora_water_hyacinth_item":1,"minecraft:stone_pickaxe":1,"minecraft:wooden_pickaxe":2,"chococraft:gysahl_green":1},"minecraft:custom":{"minecraft:mob_kills":44,"minecraft:interact_with_crafting_table":9,"minecraft:damage_dealt_resisted":196,"minecraft:leave_game":1,"minecraft:time_since_death":2049,"minecraft:climb_one_cm":481,"minecraft:sprint_one_cm":172874,"minecraft:walk_one_cm":428315,"minecraft:damage_blocked_by_shield":825,"minecraft:drop":119,"minecraft:play_time":102352,"minecraft:sneak_time":714,"minecraft:deaths":6,"minecraft:walk_under_water_one_cm":4395,"minecraft:jump":1184,"minecraft:walk_on_water_one_cm":14638,"minecraft:total_world_time":102352,"minecraft:interact_with_furnace":21,"tombstone:raider_killed":1,"minecraft:time_since_rest":1,"minecraft:damage_taken":3539,"minecraft:damage_dealt":7543,"minecraft:swim_one_cm":34068,"minecraft:fly_one_cm":220036,"minecraft:crouch_one_cm":1746,"tombstone:undead_killed":16,"minecraft:fall_one_cm":18599},"minecraft:mined":{"minecraft:tuff":3,"minecraft:deepslate_diamond_ore":2,"untamedwilds:flora_bush_creosote":1,"minecraft:granite":7,"minecraft:grass_block":5,"minecraft:furnace":8,"minecraft:iron_ore":9,"minecraft:andesite":2,"chococraft:gysahl_green":26,"minecraft:deepslate_iron_ore":4,"minecraft:stone":46,"untamedwilds:flora_water_hyacinth":1,"minecraft:crafting_table":6,"untamedwilds:flora_common_reed":1,"minecraft:dead_bush":2,"minecraft:tall_grass":10,"minecraft:deepslate_gold_ore":3,"minecraft:diorite":1,"minecraft:wall_torch":1,"untamedwilds:block_burrow":1,"additional_lights:fire_for_standing_torch_s":1,"minecraft:grass":27,"minecraft:coal_ore":28,"minecraft:dirt":15,"minecraft:sand":1,"minecraft:deepslate":19,"minecraft:fern":2},"minecraft:killed":{"minecraft:witch":1,"minecraft:spider":3,"alexsmobs:rattlesnake":1,"minecraft:skeleton":6,"alexsmobs:leafcutter_ant":2,"minecraft:drowned":1,"orcz:squig":3,"alexsmobs:guster":1,"minecraft:pig":5,"duckling:duck":1,"alexsmobs:seal":1,"untamedwilds:tarantula":2,"minecraft:creeper":3,"untamedwilds:tortoise":2,"minecraft:zombie":9,"minecraft:cow":2}},"DataVersion":3465}