{"stats":{"minecraft:killed_by":{"minecraft:player":2,"minecraft:spider":1},"minecraft:broken":{"minecraft:golden_boots":1,"minecraft:iron_leggings":1,"minecraft:stone_pickaxe":1,"minecraft:iron_helmet":1},"minecraft:killed":{"minecraft:cave_spider":2,"minecraft:witch":1,"alexsmobs:raccoon":2,"untamedwilds:wildebeest":1,"minecraft:spider":15,"alexsmobs:rattlesnake":1,"minecraft:skeleton":29,"untamedwilds:camel":1,"alexsmobs:leafcutter_ant":2,"minecraft:silverfish":2,"orcz:squig":3,"minecraft:drowned":2,"alexsmobs:centipede_head":1,"alexsmobs:kangaroo":4,"minecraft:husk":1,"alexsmobs:guster":2,"minecraft:pig":7,"duckling:duck":1,"alexsmobs:seal":1,"untamedwilds:tarantula":2,"untamedwilds:monitor":2,"minecraft:creeper":4,"untamedwilds:big_cat":1,"alexsmobs:emu":2,"untamedwilds:tortoise":2,"minecraft:zombie":44,"minecraft:stray":6,"alexsmobs:roadrunner":2,"alexsmobs:rain_frog":1,"minecraft:glow_squid":1,"minecraft:cow":9},"minecraft:custom":{"minecraft:mob_kills":157,"minecraft:interact_with_crafting_table":23,"minecraft:damage_dealt_resisted":196,"minecraft:leave_game":7,"minecraft:time_since_death":900,"minecraft:climb_one_cm":4184,"minecraft:sprint_one_cm":618845,"minecraft:walk_one_cm":1020252,"minecraft:damage_blocked_by_shield":2915,"minecraft:drop":213,"minecraft:play_time":304956,"minecraft:sneak_time":3588,"minecraft:deaths":20,"minecraft:walk_under_water_one_cm":26036,"minecraft:jump":3355,"minecraft:interact_with_blast_furnace":1,"minecraft:walk_on_water_one_cm":41605,"minecraft:total_world_time":304956,"minecraft:interact_with_furnace":38,"tombstone:raider_killed":1,"minecraft:time_since_rest":684,"minecraft:damage_absorbed":91,"minecraft:damage_taken":11487,"minecraft:damage_dealt":27449,"minecraft:swim_one_cm":55057,"minecraft:open_chest":63,"minecraft:fly_one_cm":648130,"minecraft:crouch_one_cm":5719,"tombstone:undead_killed":82,"minecraft:fall_one_cm":81734},"minecraft:picked_up":{"chococraft:loverly_gysahl_green":4,"minecraft:crafting_table":12,"minecraft:leather_leggings":1,"minecraft:wooden_pickaxe":1,"minecraft:gold_block":1,"minecraft:shield":1,"minecraft:music_disc_cat":1,"minecraft:string":31,"minecraft:raw_copper":4,"minecraft:wooden_sword":1,"minecraft:iron_leggings":2,"minecraft:iron_shovel":1,"minecraft:cracked_stone_bricks":2,"minecraft:red_sand":10,"minecraft:cobbled_deepslate":36,"untamedwilds:flora_water_hyacinth_item":1,"minecraft:bucket":1,"minecraft:beef":23,"minecraft:iron_pickaxe":1,"alexsmobs:raccoon_tail":1,"duckling:raw_duck":1,"minecraft:furnace":11,"minecraft:tipped_arrow":1,"minecraft:raw_iron":61,"minecraft:stick":27,"minecraft:sandstone":56,"minecraft:torch":8,"minecraft:acacia_log":13,"medieval_craft_weapons:titanite_nugget_1":7,"minecraft:porkchop":13,"tombstone:grave_dust":10,"orcz:squigs_claws":6,"minecraft:diorite":7,"alexsmobs:centipede_leg":2,"minecraft:iron_horse_armor":1,"minecraft:stone_pressure_plate":2,"minecraft:tnt":9,"minecraft:stone_sword":3,"minecraft:arrow":27,"minecraft:rotten_flesh":46,"minecraft:diamond_chestplate":1,"orcz:orcshroom":2,"tombstone:essence_of_undeath":1,"minecraft:iron_bars":14,"alexsmobs:kangaroo_meat":1,"minecraft:cobblestone":86,"minecraft:feather":4,"minecraft:cooked_beef":1,"orcz:orcteeth":3,"minecraft:glow_ink_sac":2,"minecraft:jungle_log":14,"minecraft:andesite":2,"minecraft:leather":14,"minecraft:cut_sandstone":3,"minecraft:brown_wool":4,"minecraft:golden_leggings":1,"minecraft:tuff":3,"minecraft:chainmail_chestplate":1,"minecraft:gunpowder":14,"minecraft:lapis_lazuli":44,"minecraft:dirt":39,"tombstone:gift":1,"untamedwilds:food_turtle_raw":6,"minecraft:orange_terracotta":1,"minecraft:bone":29,"minecraft:acacia_planks":2,"chococraft:gysahl_green":164,"chococraft:gold_gysahl":1,"minecraft:stone_bricks":4,"untamedwilds:material_fat":4,"minecraft:bow":3,"minecraft:red_sandstone":5,"minecraft:wheat_seeds":25,"minecraft:raw_gold":8,"minecraft:iron_ingot":10,"minecraft:stone_pickaxe":1,"untamedwilds:hide_tan":3,"minecraft:mossy_stone_bricks":1,"minecraft:diamond_helmet":1,"minecraft:iron_sword":7,"minecraft:cooked_porkchop":1,"mca:matchmakers_ring":1,"minecraft:oak_pressure_plate":1,"orcz:blue_orcshroom":1,"minecraft:sand":39,"dynamictrees:acacia_seed":6,"chococraft:gysahl_green_seeds":27,"minecraft:nether_brick_stairs":1,"minecraft:spider_eye":5,"minecraft:cut_red_sandstone":2,"minecraft:mossy_cobblestone":1,"minecraft:stripped_jungle_log":2,"minecraft:bundle":3,"alexsmobs:kangaroo_hide":1,"minecraft:diamond":7,"dynamictrees:jungle_seed":4,"minecraft:iron_helmet":2,"minecraft:granite":75,"minecraft:chainmail_helmet":1,"minecraft:netherrack":2,"minecraft:coal":46},"minecraft:dropped":{"minecraft:iron_ingot":6,"minecraft:iron_sword":7,"minecraft:porkchop":4,"chococraft:loverly_gysahl_green":4,"minecraft:wheat_seeds":25,"minecraft:oak_pressure_plate":1,"chococraft:gold_gysahl":1,"untamedwilds:material_fat":2,"minecraft:glass_bottle":1,"alexsmobs:kangaroo_meat":1,"untamedwilds:food_turtle_raw":6,"minecraft:iron_helmet":1,"minecraft:feather":2,"orcz:blue_orcshroom":1,"chococraft:gysahl_green_seeds":27,"minecraft:granite":75,"minecraft:stripped_jungle_log":2,"minecraft:acacia_log":6,"minecraft:coal":18,"minecraft:golden_apple":2,"additional_lights:fire_for_standing_torch_s":1,"minecraft:dirt":28,"dynamictrees:jungle_seed":4,"minecraft:diorite":7,"minecraft:torch":1,"minecraft:wooden_axe":1,"minecraft:cut_sandstone":3,"minecraft:wooden_sword":1,"minecraft:sand":24,"minecraft:iron_pickaxe":2,"minecraft:smooth_stone":1,"minecraft:string":6,"alexsmobs:raccoon_tail":1,"dynamictrees:acacia_seed":5,"minecraft:acacia_planks":1,"minecraft:bone":1,"alexsmobs:centipede_leg":2,"duckling:raw_duck":1,"minecraft:furnace":1,"minecraft:stone_sword":3,"minecraft:cobbled_deepslate":18,"minecraft:tuff":3,"minecraft:rotten_flesh":11,"orcz:orcshroom":2,"minecraft:chainmail_chestplate":1,"alexsmobs:kangaroo_hide":1,"minecraft:stone":2,"minecraft:gunpowder":14,"minecraft:diamond_chestplate":1,"minecraft:orange_terracotta":1,"minecraft:andesite":2,"orcz:squigs_claws":3,"minecraft:stone_pressure_plate":2,"minecraft:leather_leggings":1,"minecraft:stone_bricks":2,"medieval_craft_weapons:titanite_nugget_1":2,"tombstone:essence_of_undeath":1,"minecraft:sandstone":48,"minecraft:iron_bars":6,"minecraft:red_sand":8,"minecraft:wooden_pickaxe":2,"minecraft:stone_pickaxe":1,"minecraft:beef":6,"untamedwilds:flora_water_hyacinth_item":1,"mca:matchmakers_ring":2,"chococraft:gysahl_green":12,"minecraft:netherrack":2},"minecraft:used":{"minecraft:stone_sword":129,"minecraft:shield":68,"minecraft:iron_sword":443,"minecraft:rotten_flesh":3,"minecraft:torch":120,"minecraft:dirt":11,"minecraft:jungle_planks":38,"minecraft:wooden_axe":10,"minecraft:bow":11,"minecraft:furnace":10,"tombstone:gift":8,"minecraft:cooked_beef":27,"minecraft:cobbled_deepslate":7,"minecraft:acacia_planks":7,"minecraft:water_bucket":1,"minecraft:stone_pickaxe":131,"minecraft:wooden_pickaxe":21,"minecraft:golden_apple":3,"minecraft:sand":43,"minecraft:crafting_table":12,"minecraft:iron_pickaxe":250,"minecraft:stone_axe":19,"minecraft:cobblestone":61,"minecraft:potion":2,"additional_lights:fire_for_standing_torch_s":3,"minecraft:cooked_porkchop":8,"minecraft:bucket":2,"chococraft:gysahl_green":146,"alexsmobs:animal_dictionary":1},"minecraft:mined":{"minecraft:tuff":3,"minecraft:stone_pressure_plate":1,"minecraft:mossy_cobblestone":1,"minecraft:deepslate_diamond_ore":6,"untamedwilds:flora_bush_creosote":1,"minecraft:nether_bricks":1,"minecraft:granite":8,"minecraft:red_sand":2,"minecraft:grass_block":9,"minecraft:oak_pressure_plate":1,"minecraft:sandstone":17,"minecraft:spawner":27,"minecraft:furnace":11,"minecraft:red_sandstone":3,"minecraft:iron_ore":23,"minecraft:chiseled_sandstone":1,"minecraft:andesite":2,"minecraft:deepslate_lapis_ore":5,"minecraft:gold_block":1,"minecraft:nether_brick_stairs":1,"minecraft:vine":13,"chococraft:gysahl_green":61,"minecraft:deepslate_iron_ore":31,"minecraft:iron_bars":17,"minecraft:stone":93,"minecraft:cut_sandstone":3,"untamedwilds:flora_water_hyacinth":1,"minecraft:orange_terracotta":1,"minecraft:crafting_table":12,"minecraft:torch":1,"untamedwilds:flora_common_reed":2,"minecraft:dead_bush":6,"minecraft:tall_grass":10,"minecraft:cobblestone":3,"minecraft:deepslate_gold_ore":8,"minecraft:lapis_ore":2,"minecraft:diorite":4,"minecraft:wall_torch":4,"untamedwilds:block_burrow":2,"additional_lights:fire_for_standing_torch_s":1,"minecraft:tnt":9,"minecraft:grass":47,"minecraft:coal_ore":29,"minecraft:dirt":35,"minecraft:sand":38,"minecraft:cracked_stone_bricks":2,"minecraft:acacia_planks":3,"minecraft:stone_bricks":3,"minecraft:netherrack":11,"minecraft:mossy_stone_bricks":3,"minecraft:deepslate":32,"minecraft:fern":2},"minecraft:crafted":{"minecraft:smooth_stone":1,"minecraft:iron_nugget":9,"minecraft:furnace":1,"minecraft:bow":1,"minecraft:stone_pickaxe":1,"minecraft:chest":1,"mca:matchmakers_ring":1,"minecraft:cooked_beef":15,"sophisticatedbackpacks:backpack":1,"minecraft:cooked_porkchop":7,"minecraft:crafting_table":1,"minecraft:wooden_pickaxe":1,"minecraft:iron_sword":1,"additional_lights:fire_for_standing_torch_s":4,"minecraft:stone_axe":1,"minecraft:air":0,"minecraft:jungle_planks":56,"minecraft:shield":1,"minecraft:stick":32,"minecraft:iron_ingot":34,"minecraft:iron_pickaxe":1,"minecraft:wooden_axe":1,"minecraft:stone_sword":1,"minecraft:acacia_planks":28,"minecraft:torch":76,"tombstone:bone_needle":1}},"DataVersion":3465}