{"stats":{"minecraft:killed_by":{"minecraft:player":1},"minecraft:picked_up":{"chococraft:loverly_gysahl_green":2,"minecraft:crafting_table":6,"minecraft:feather":2,"minecraft:cooked_beef":1,"orcz:orcteeth":3,"minecraft:andesite":2,"minecraft:jungle_log":14,"minecraft:leather":4,"minecraft:wooden_pickaxe":1,"minecraft:tuff":3,"minecraft:gunpowder":10,"minecraft:string":6,"minecraft:dirt":20,"minecraft:raw_copper":4,"minecraft:wooden_sword":1,"untamedwilds:food_turtle_raw":4,"minecraft:bone":6,"chococraft:gysahl_green":60,"minecraft:bow":1,"minecraft:wheat_seeds":23,"minecraft:raw_gold":3,"minecraft:cobbled_deepslate":15,"untamedwilds:flora_water_hyacinth_item":1,"minecraft:beef":10,"minecraft:stone_pickaxe":1,"minecraft:iron_pickaxe":1,"duckling:raw_duck":1,"minecraft:furnace":7,"minecraft:sandstone":48,"minecraft:raw_iron":11,"minecraft:stick":24,"minecraft:cooked_porkchop":1,"minecraft:torch":1,"minecraft:acacia_log":13,"medieval_craft_weapons:titanite_nugget_1":2,"orcz:blue_orcshroom":1,"minecraft:porkchop":9,"minecraft:sand":31,"dynamictrees:acacia_seed":4,"orcz:squigs_claws":3,"chococraft:gysahl_green_seeds":25,"minecraft:diorite":7,"minecraft:diamond":3,"minecraft:stripped_jungle_log":2,"minecraft:stone_sword":1,"minecraft:arrow":4,"minecraft:rotten_flesh":8,"orcz:orcshroom":2,"dynamictrees:jungle_seed":4,"minecraft:granite":71,"minecraft:coal":29,"minecraft:cobblestone":42},"minecraft:used":{"minecraft:stone_sword":129,"minecraft:stone_pickaxe":86,"minecraft:shield":13,"minecraft:wooden_pickaxe":21,"minecraft:iron_sword":13,"minecraft:torch":25,"minecraft:dirt":11,"minecraft:sand":2,"minecraft:crafting_table":6,"minecraft:wooden_axe":10,"minecraft:iron_pickaxe":21,"additional_lights:fire_for_standing_torch_s":2,"minecraft:stone_axe":9,"minecraft:furnace":6,"minecraft:cooked_porkchop":8,"tombstone:gift":2,"chococraft:gysahl_green":59,"minecraft:cooked_beef":3,"minecraft:cobbled_deepslate":6},"minecraft:crafted":{"minecraft:cooked_beef":3,"minecraft:cooked_porkchop":7,"minecraft:crafting_table":1,"minecraft:wooden_pickaxe":1,"minecraft:iron_sword":1,"minecraft:furnace":1,"additional_lights:fire_for_standing_torch_s":2,"minecraft:stone_axe":1,"minecraft:air":0,"minecraft:jungle_planks":56,"minecraft:shield":1,"minecraft:stick":24,"minecraft:iron_ingot":6,"minecraft:iron_pickaxe":1,"minecraft:stone_pickaxe":1,"minecraft:wooden_axe":1,"minecraft:stone_sword":1,"minecraft:acacia_planks":28,"minecraft:torch":28,"tombstone:bone_needle":1},"minecraft:custom":{"minecraft:interact_with_furnace":19,"minecraft:mob_kills":36,"minecraft:interact_with_crafting_table":9,"minecraft:damage_dealt_resisted":196,"minecraft:leave_game":1,"minecraft:time_since_death":304,"minecraft:climb_one_cm":481,"minecraft:time_since_rest":1,"minecraft:sprint_one_cm":132721,"minecraft:damage_taken":2984,"minecraft:walk_one_cm":388229,"minecraft:damage_blocked_by_shield":610,"minecraft:drop":119,"minecraft:damage_dealt":5860,"minecraft:swim_one_cm":30261,"minecraft:fly_one_cm":183648,"minecraft:crouch_one_cm":1613,"minecraft:play_time":90352,"tombstone:undead_killed":9,"minecraft:deaths":4,"minecraft:sneak_time":668,"minecraft:walk_under_water_one_cm":3902,"minecraft:jump":980,"minecraft:walk_on_water_one_cm":11206,"minecraft:total_world_time":90352,"minecraft:fall_one_cm":16225},"minecraft:dropped":{"duckling:raw_duck":1,"minecraft:furnace":1,"chococraft:loverly_gysahl_green":2,"minecraft:wheat_seeds":23,"minecraft:stone_sword":1,"untamedwilds:food_turtle_raw":4,"minecraft:rotten_flesh":8,"minecraft:feather":2,"orcz:blue_orcshroom":1,"chococraft:gysahl_green_seeds":25,"minecraft:granite":71,"minecraft:stripped_jungle_log":2,"orcz:orcshroom":2,"minecraft:acacia_log":6,"dynamictrees:jungle_seed":4,"minecraft:dirt":7,"minecraft:gunpowder":10,"minecraft:diorite":6,"minecraft:andesite":2,"minecraft:wooden_axe":1,"minecraft:wooden_sword":1,"medieval_craft_weapons:titanite_nugget_1":2,"minecraft:sandstone":48,"minecraft:wooden_pickaxe":2,"minecraft:iron_pickaxe":1,"minecraft:stone_pickaxe":1,"untamedwilds:flora_water_hyacinth_item":1,"minecraft:beef":6,"minecraft:string":2,"dynamictrees:acacia_seed":4,"chococraft:gysahl_green":1,"minecraft:acacia_planks":1},"minecraft:mined":{"minecraft:tuff":3,"untamedwilds:flora_water_hyacinth":1,"minecraft:deepslate_diamond_ore":2,"untamedwilds:flora_bush_creosote":1,"minecraft:crafting_table":6,"untamedwilds:flora_common_reed":1,"minecraft:granite":7,"minecraft:grass_block":5,"minecraft:dead_bush":2,"minecraft:tall_grass":10,"minecraft:deepslate_gold_ore":3,"minecraft:diorite":1,"minecraft:wall_torch":1,"untamedwilds:block_burrow":1,"minecraft:furnace":7,"additional_lights:fire_for_standing_torch_s":1,"minecraft:iron_ore":9,"minecraft:andesite":2,"minecraft:deepslate_iron_ore":2,"minecraft:grass":27,"chococraft:gysahl_green":26,"minecraft:coal_ore":28,"minecraft:sand":1,"minecraft:dirt":15,"minecraft:stone":46,"minecraft:deepslate":11,"minecraft:fern":2},"minecraft:killed":{"alexsmobs:guster":1,"minecraft:pig":5,"duckling:duck":1,"minecraft:spider":3,"alexsmobs:seal":1,"untamedwilds:tarantula":2,"alexsmobs:rattlesnake":1,"minecraft:creeper":3,"minecraft:skeleton":3,"untamedwilds:tortoise":2,"minecraft:zombie":5,"alexsmobs:leafcutter_ant":2,"orcz:squig":3,"minecraft:drowned":1,"minecraft:cow":2}},"DataVersion":3465}