{"stats":{"minecraft:picked_up":{"chococraft:loverly_gysahl_green":2,"minecraft:crafting_table":5,"minecraft:feather":2,"minecraft:cooked_beef":1,"orcz:orcteeth":3,"minecraft:jungle_log":14,"minecraft:leather":3,"minecraft:wooden_pickaxe":1,"minecraft:gunpowder":5,"minecraft:string":2,"minecraft:dirt":17,"untamedwilds:food_turtle_raw":4,"minecraft:bone":4,"chococraft:gysahl_green":60,"minecraft:wheat_seeds":5,"untamedwilds:flora_water_hyacinth_item":1,"minecraft:beef":10,"duckling:raw_duck":1,"minecraft:furnace":6,"minecraft:raw_iron":6,"minecraft:stick":24,"minecraft:cooked_porkchop":1,"minecraft:acacia_log":13,"medieval_craft_weapons:titanite_nugget_1":2,"minecraft:porkchop":9,"minecraft:sand":3,"dynamictrees:acacia_seed":4,"orcz:squigs_claws":3,"chococraft:gysahl_green_seeds":25,"minecraft:arrow":2,"minecraft:rotten_flesh":4,"orcz:orcshroom":1,"dynamictrees:jungle_seed":4,"minecraft:granite":19,"minecraft:coal":29,"minecraft:cobblestone":30},"minecraft:used":{"minecraft:stone_sword":128,"minecraft:stone_pickaxe":62,"minecraft:shield":2,"minecraft:wooden_pickaxe":21,"minecraft:torch":4,"minecraft:dirt":11,"minecraft:sand":2,"minecraft:crafting_table":6,"minecraft:wooden_axe":10,"minecraft:stone_axe":8,"minecraft:furnace":6,"minecraft:cooked_porkchop":8,"tombstone:gift":2,"chococraft:gysahl_green":48,"minecraft:cooked_beef":3},"minecraft:crafted":{"minecraft:cooked_beef":3,"minecraft:cooked_porkchop":7,"minecraft:crafting_table":1,"minecraft:wooden_pickaxe":1,"minecraft:iron_sword":1,"minecraft:furnace":1,"minecraft:stone_axe":1,"minecraft:air":0,"minecraft:shield":1,"minecraft:stick":12,"minecraft:iron_ingot":6,"minecraft:iron_pickaxe":1,"minecraft:stone_pickaxe":1,"minecraft:wooden_axe":1,"minecraft:stone_sword":1,"minecraft:acacia_planks":28,"minecraft:torch":4,"tombstone:bone_needle":1},"minecraft:custom":{"minecraft:interact_with_furnace":19,"minecraft:mob_kills":32,"minecraft:interact_with_crafting_table":9,"minecraft:damage_dealt_resisted":196,"minecraft:leave_game":1,"minecraft:time_since_death":7234,"minecraft:climb_one_cm":481,"minecraft:time_since_rest":6193,"minecraft:sprint_one_cm":114833,"minecraft:damage_taken":2202,"minecraft:walk_one_cm":282095,"minecraft:damage_blocked_by_shield":85,"minecraft:drop":22,"minecraft:damage_dealt":5099,"minecraft:swim_one_cm":30261,"minecraft:fly_one_cm":170751,"minecraft:crouch_one_cm":1132,"minecraft:play_time":66352,"tombstone:undead_killed":8,"minecraft:deaths":2,"minecraft:sneak_time":338,"minecraft:walk_under_water_one_cm":3115,"minecraft:jump":720,"minecraft:walk_on_water_one_cm":7885,"minecraft:total_world_time":66352,"minecraft:fall_one_cm":9973},"minecraft:dropped":{"duckling:raw_duck":1,"minecraft:furnace":1,"minecraft:wheat_seeds":5,"untamedwilds:food_turtle_raw":4,"minecraft:feather":2,"minecraft:granite":18,"orcz:orcshroom":1,"minecraft:acacia_log":6,"dynamictrees:jungle_seed":4,"minecraft:dirt":6,"medieval_craft_weapons:titanite_nugget_1":2,"untamedwilds:flora_water_hyacinth_item":1,"minecraft:beef":6,"dynamictrees:acacia_seed":4,"chococraft:gysahl_green":1},"minecraft:mined":{"untamedwilds:flora_water_hyacinth":1,"untamedwilds:flora_bush_creosote":1,"minecraft:crafting_table":5,"untamedwilds:flora_common_reed":1,"minecraft:granite":7,"minecraft:grass_block":5,"minecraft:dead_bush":2,"minecraft:tall_grass":7,"untamedwilds:block_burrow":1,"minecraft:furnace":6,"minecraft:iron_ore":6,"minecraft:grass":26,"chococraft:gysahl_green":26,"minecraft:coal_ore":28,"minecraft:sand":1,"minecraft:dirt":13,"minecraft:stone":32,"minecraft:fern":2},"minecraft:killed":{"alexsmobs:guster":1,"minecraft:pig":5,"duckling:duck":1,"alexsmobs:seal":1,"untamedwilds:tarantula":2,"alexsmobs:rattlesnake":1,"minecraft:creeper":3,"minecraft:skeleton":2,"untamedwilds:tortoise":2,"minecraft:zombie":5,"alexsmobs:leafcutter_ant":2,"orcz:squig":3,"minecraft:drowned":1,"minecraft:cow":2}},"DataVersion":3465}