{"stats":{"minecraft:dropped":{"chococraft:loverly_gysahl_green":4,"minecraft:wheat_seeds":23,"chococraft:gold_gysahl":1,"untamedwilds:food_turtle_raw":4,"minecraft:feather":2,"orcz:blue_orcshroom":1,"chococraft:gysahl_green_seeds":25,"minecraft:granite":71,"minecraft:stripped_jungle_log":2,"minecraft:acacia_log":6,"additional_lights:fire_for_standing_torch_s":1,"minecraft:dirt":9,"dynamictrees:jungle_seed":4,"minecraft:diorite":6,"minecraft:wooden_axe":1,"minecraft:wooden_sword":1,"minecraft:sand":24,"minecraft:iron_pickaxe":1,"minecraft:string":2,"dynamictrees:acacia_seed":4,"minecraft:acacia_planks":1,"minecraft:furnace":1,"duckling:raw_duck":1,"minecraft:stone_sword":2,"minecraft:cobbled_deepslate":18,"minecraft:tuff":3,"minecraft:rotten_flesh":11,"orcz:orcshroom":2,"minecraft:gunpowder":10,"minecraft:andesite":2,"medieval_craft_weapons:titanite_nugget_1":2,"minecraft:sandstone":48,"untamedwilds:flora_water_hyacinth_item":1,"minecraft:stone_pickaxe":1,"minecraft:beef":6,"minecraft:wooden_pickaxe":2,"chococraft:gysahl_green":12},"minecraft:killed":{"minecraft:witch":1,"minecraft:spider":3,"alexsmobs:rattlesnake":1,"minecraft:skeleton":6,"alexsmobs:leafcutter_ant":2,"minecraft:drowned":1,"orcz:squig":3,"alexsmobs:guster":1,"minecraft:pig":7,"duckling:duck":1,"alexsmobs:seal":1,"untamedwilds:tarantula":2,"minecraft:creeper":3,"untamedwilds:tortoise":2,"minecraft:zombie":11,"minecraft:cow":5},"minecraft:mined":{"minecraft:tuff":3,"minecraft:deepslate_diamond_ore":2,"untamedwilds:flora_bush_creosote":1,"minecraft:granite":7,"minecraft:grass_block":9,"minecraft:furnace":9,"minecraft:iron_ore":13,"minecraft:andesite":2,"chococraft:gysahl_green":59,"minecraft:deepslate_iron_ore":11,"minecraft:stone":79,"untamedwilds:flora_water_hyacinth":1,"minecraft:crafting_table":7,"minecraft:torch":1,"untamedwilds:flora_common_reed":2,"minecraft:dead_bush":2,"minecraft:tall_grass":10,"minecraft:deepslate_gold_ore":3,"minecraft:diorite":1,"minecraft:wall_torch":4,"untamedwilds:block_burrow":1,"additional_lights:fire_for_standing_torch_s":1,"minecraft:grass":33,"minecraft:coal_ore":29,"minecraft:sand":8,"minecraft:dirt":35,"minecraft:acacia_planks":2,"minecraft:deepslate":21,"minecraft:fern":2},"minecraft:picked_up":{"minecraft:crafting_table":7,"chococraft:loverly_gysahl_green":4,"minecraft:wooden_pickaxe":1,"minecraft:string":6,"minecraft:raw_copper":4,"minecraft:wooden_sword":1,"minecraft:cobbled_deepslate":24,"untamedwilds:flora_water_hyacinth_item":1,"minecraft:beef":17,"minecraft:iron_pickaxe":1,"duckling:raw_duck":1,"minecraft:furnace":9,"minecraft:stick":24,"minecraft:raw_iron":28,"minecraft:sandstone":48,"minecraft:acacia_log":13,"minecraft:torch":5,"medieval_craft_weapons:titanite_nugget_1":3,"minecraft:porkchop":13,"orcz:squigs_claws":3,"tombstone:grave_dust":4,"minecraft:diorite":7,"minecraft:rotten_flesh":13,"minecraft:stone_sword":1,"minecraft:arrow":6,"orcz:orcshroom":2,"minecraft:cobblestone":75,"minecraft:feather":2,"minecraft:cooked_beef":1,"orcz:orcteeth":3,"minecraft:andesite":2,"minecraft:jungle_log":14,"minecraft:leather":8,"minecraft:tuff":3,"minecraft:gunpowder":10,"minecraft:dirt":39,"tombstone:gift":1,"untamedwilds:food_turtle_raw":4,"minecraft:bone":7,"minecraft:acacia_planks":1,"chococraft:gysahl_green":155,"chococraft:gold_gysahl":1,"minecraft:bow":2,"minecraft:wheat_seeds":23,"minecraft:raw_gold":3,"minecraft:iron_ingot":10,"minecraft:stone_pickaxe":1,"minecraft:cooked_porkchop":1,"orcz:blue_orcshroom":1,"minecraft:sand":38,"dynamictrees:acacia_seed":4,"chococraft:gysahl_green_seeds":25,"minecraft:stripped_jungle_log":2,"minecraft:diamond":3,"dynamictrees:jungle_seed":4,"minecraft:granite":71,"minecraft:coal":36},"minecraft:crafted":{"minecraft:furnace":1,"minecraft:bow":1,"minecraft:stone_pickaxe":1,"minecraft:cooked_beef":10,"minecraft:cooked_porkchop":7,"minecraft:crafting_table":1,"minecraft:wooden_pickaxe":1,"minecraft:iron_sword":1,"additional_lights:fire_for_standing_torch_s":3,"minecraft:stone_axe":1,"minecraft:air":0,"minecraft:jungle_planks":56,"minecraft:shield":1,"minecraft:stick":24,"minecraft:iron_ingot":6,"minecraft:iron_pickaxe":1,"minecraft:wooden_axe":1,"minecraft:stone_sword":1,"minecraft:acacia_planks":28,"minecraft:torch":44,"tombstone:bone_needle":1},"minecraft:killed_by":{"minecraft:player":1},"minecraft:used":{"minecraft:stone_sword":129,"minecraft:shield":20,"minecraft:iron_sword":104,"minecraft:rotten_flesh":2,"minecraft:torch":49,"minecraft:dirt":11,"minecraft:wooden_axe":10,"minecraft:furnace":9,"tombstone:gift":6,"minecraft:cooked_beef":4,"minecraft:cobbled_deepslate":6,"minecraft:acacia_planks":5,"minecraft:stone_pickaxe":98,"minecraft:wooden_pickaxe":21,"minecraft:sand":14,"minecraft:crafting_table":8,"minecraft:iron_pickaxe":84,"minecraft:stone_axe":13,"additional_lights:fire_for_standing_torch_s":2,"minecraft:cooked_porkchop":8,"chococraft:gysahl_green":84},"minecraft:custom":{"minecraft:mob_kills":51,"minecraft:interact_with_crafting_table":16,"minecraft:damage_dealt_resisted":196,"minecraft:leave_game":2,"minecraft:time_since_death":30826,"minecraft:climb_one_cm":481,"minecraft:sprint_one_cm":224231,"minecraft:walk_one_cm":497412,"minecraft:damage_blocked_by_shield":825,"minecraft:drop":140,"minecraft:play_time":131129,"minecraft:deaths":6,"minecraft:sneak_time":825,"minecraft:walk_under_water_one_cm":4834,"minecraft:jump":1473,"minecraft:walk_on_water_one_cm":15921,"minecraft:total_world_time":131129,"minecraft:interact_with_furnace":23,"tombstone:raider_killed":1,"minecraft:time_since_rest":28427,"minecraft:damage_taken":3947,"minecraft:damage_dealt":8493,"minecraft:swim_one_cm":41951,"minecraft:fly_one_cm":255318,"minecraft:crouch_one_cm":2046,"tombstone:undead_killed":18,"minecraft:fall_one_cm":22380}},"DataVersion":3465}