{"stats":{"minecraft:killed_by":{"minecraft:player":2,"minecraft:spider":1},"minecraft:broken":{"minecraft:golden_boots":1,"minecraft:iron_boots":1,"minecraft:iron_leggings":2,"minecraft:stone_pickaxe":1,"minecraft:iron_hoe":1,"minecraft:chainmail_leggings":1,"minecraft:iron_helmet":1},"minecraft:killed":{"minecraft:cave_spider":4,"minecraft:witch":1,"untamedwilds:wildebeest":1,"minecraft:spider":26,"minecraft:skeleton":58,"untamedwilds:camel":1,"alexsmobs:leafcutter_ant":2,"alexsmobs:capuchin_monkey":2,"minecraft:silverfish":2,"alexsmobs:centipede_head":1,"orcz:squig":3,"alexsmobs:kangaroo":4,"orcz:weirdboinecro":1,"minecraft:pig":7,"orcz:goblinsavagemace":2,"alexsmobs:seal":1,"untamedwilds:tarantula":2,"minecraft:creeper":5,"untamedwilds:tortoise":2,"minecraft:zombie":72,"orcz:bigorcboss":2,"minecraft:stray":11,"alexsmobs:rain_frog":1,"alexsmobs:roadrunner":2,"minecraft:glow_squid":1,"orcz:orcsavage_2sword":1,"orcz:snot":2,"orcz:orcshield":1,"minecraft:cow":15,"chococraft:chocobo":2,"mca:female_zombie_villager":1,"alexsmobs:raccoon":2,"alexsmobs:rattlesnake":1,"minecraft:drowned":2,"minecraft:husk":1,"alexsmobs:guster":2,"duckling:duck":1,"untamedwilds:monitor":2,"untamedwilds:big_cat":1,"alexsmobs:emu":2,"alexsmobs:cockroach":1},"minecraft:custom":{"minecraft:interact_with_crafting_table":33,"minecraft:leave_game":9,"minecraft:time_since_death":78914,"minecraft:sprint_one_cm":856964,"minecraft:damage_blocked_by_shield":4398,"minecraft:drop":276,"minecraft:play_noteblock":1,"minecraft:play_time":424958,"minecraft:deaths":24,"minecraft:jump":4483,"minecraft:walk_on_water_one_cm":55478,"minecraft:interact_with_furnace":42,"minecraft:interact_with_cartography_table":1,"minecraft:waystone_activated":1,"minecraft:damage_dealt":44536,"minecraft:crouch_one_cm":6892,"tombstone:undead_killed":145,"minecraft:mob_kills":255,"minecraft:damage_dealt_resisted":196,"minecraft:climb_one_cm":7900,"minecraft:walk_one_cm":1455367,"minecraft:sneak_time":4585,"minecraft:walk_under_water_one_cm":32087,"minecraft:interact_with_lectern":1,"minecraft:interact_with_blast_furnace":2,"minecraft:total_world_time":424958,"tombstone:raider_killed":1,"minecraft:tune_noteblock":2,"minecraft:time_since_rest":78553,"minecraft:damage_taken":14858,"minecraft:damage_absorbed":91,"minecraft:swim_one_cm":55057,"minecraft:fly_one_cm":750965,"minecraft:open_chest":139,"minecraft:fall_one_cm":105124},"minecraft:picked_up":{"chococraft:loverly_gysahl_green":10,"minecraft:potion":1,"minecraft:music_disc_cat":1,"minecraft:string":49,"minecraft:raw_copper":4,"minecraft:iron_leggings":2,"minecraft:red_sand":10,"minecraft:cobbled_deepslate":43,"minecraft:bucket":1,"dynamictrees:oak_seed":2,"minecraft:iron_pickaxe":2,"alexsmobs:raccoon_tail":1,"minecraft:furnace":12,"minecraft:tipped_arrow":4,"minecraft:stick":60,"orcz:orcskull":1,"untamedwilds:flora_common_reed":3,"minecraft:torch":8,"minecraft:acacia_log":13,"minecraft:porkchop":13,"orcz:squigs_claws":7,"tombstone:grave_dust":16,"minecraft:diorite":7,"alexsmobs:centipede_leg":2,"minecraft:golden_chestplate":2,"minecraft:stone_sword":3,"minecraft:rotten_flesh":68,"orcz:orcshroom":2,"chococraft:chocobo_drumstick_raw":1,"minecraft:iron_bars":25,"minecraft:cobblestone":86,"minecraft:cooked_beef":1,"minecraft:feather":4,"orcz:orcteeth":33,"minecraft:andesite":2,"minecraft:jungle_log":43,"minecraft:brown_wool":4,"minecraft:golden_leggings":1,"minecraft:tuff":3,"minecraft:smooth_sandstone_stairs":2,"minecraft:lapis_lazuli":44,"minecraft:dirt":80,"untamedwilds:food_turtle_raw":6,"minecraft:bone":53,"minecraft:acacia_planks":2,"minecraft:bow":5,"minecraft:wheat_seeds":41,"minecraft:raw_gold":8,"untamedwilds:hide_tan":3,"minecraft:mossy_stone_bricks":2,"minecraft:diamond_helmet":1,"minecraft:cooked_porkchop":1,"mca:matchmakers_ring":1,"orcz:orcagaric":1,"minecraft:oak_pressure_plate":1,"minecraft:sand":44,"orcz:blue_orcshroom":1,"dynamictrees:acacia_seed":6,"minecraft:nether_brick_stairs":4,"minecraft:mossy_cobblestone":1,"minecraft:bundle":3,"alexsmobs:kangaroo_hide":1,"minecraft:diamond":18,"minecraft:granite":75,"minecraft:chainmail_helmet":3,"minecraft:netherrack":3,"minecraft:crafting_table":14,"minecraft:leather_leggings":2,"minecraft:wooden_pickaxe":1,"minecraft:gold_block":2,"minecraft:shield":2,"minecraft:wooden_sword":1,"minecraft:iron_shovel":1,"minecraft:cracked_stone_bricks":2,"untamedwilds:flora_water_hyacinth_item":1,"minecraft:beef":33,"minecraft:lectern":1,"duckling:raw_duck":1,"minecraft:raw_iron":61,"minecraft:sandstone":62,"medieval_craft_weapons:titanite_nugget_1":8,"orcz:orchorn":2,"minecraft:stone_pressure_plate":2,"minecraft:iron_horse_armor":1,"minecraft:tnt":9,"minecraft:arrow":49,"minecraft:diamond_chestplate":1,"minecraft:sandstone_stairs":2,"tombstone:essence_of_undeath":1,"sophisticatedbackpacks:copper_backpack":1,"alexsmobs:kangaroo_meat":1,"minecraft:glow_ink_sac":2,"minecraft:cut_sandstone":14,"minecraft:leather":21,"minecraft:chainmail_chestplate":2,"minecraft:golden_boots":1,"minecraft:gunpowder":15,"minecraft:paper":5,"tombstone:gift":1,"minecraft:orange_terracotta":1,"chococraft:chocobo_feather":6,"chococraft:gysahl_green":256,"minecraft:stone_bricks":5,"untamedwilds:material_fat":4,"chococraft:gold_gysahl":4,"minecraft:red_sandstone":5,"minecraft:iron_ingot":10,"minecraft:stone_pickaxe":1,"minecraft:iron_sword":9,"minecraft:flowering_azalea":1,"minecraft:book":6,"minecraft:dandelion":2,"chococraft:gysahl_green_seeds":73,"minecraft:spider_eye":8,"minecraft:cut_red_sandstone":2,"minecraft:stripped_jungle_log":2,"minecraft:polished_diorite":4,"tombstone:scroll_of_knowledge":1,"minecraft:iron_helmet":3,"dynamictrees:jungle_seed":18,"minecraft:chainmail_leggings":2,"tombstone:magic_scroll":2,"minecraft:coal":46},"minecraft:dropped":{"minecraft:iron_sword":9,"minecraft:porkchop":4,"chococraft:loverly_gysahl_green":4,"untamedwilds:hide_tan":3,"minecraft:oak_pressure_plate":1,"minecraft:glass_bottle":1,"untamedwilds:material_fat":2,"minecraft:diamond":4,"alexsmobs:kangaroo_meat":1,"orcz:blue_orcshroom":1,"additional_lights:fire_for_standing_torch_s":1,"minecraft:dirt":41,"dynamictrees:jungle_seed":17,"minecraft:cut_sandstone":9,"minecraft:wooden_sword":1,"minecraft:sand":24,"minecraft:iron_pickaxe":3,"alexsmobs:raccoon_tail":1,"minecraft:bone":4,"duckling:raw_duck":1,"alexsmobs:centipede_leg":2,"minecraft:cobbled_deepslate":23,"minecraft:rotten_flesh":20,"orcz:orcshroom":2,"minecraft:chainmail_chestplate":1,"alexsmobs:kangaroo_hide":1,"minecraft:gunpowder":21,"minecraft:beetroot_seeds":4,"minecraft:jungle_log":16,"tombstone:scroll_of_knowledge":2,"minecraft:leather_leggings":2,"minecraft:iron_bars":6,"untamedwilds:flora_water_hyacinth_item":1,"minecraft:beef":10,"mca:matchmakers_ring":2,"minecraft:netherrack":3,"minecraft:enchanted_book":1,"minecraft:iron_ingot":6,"untamedwilds:flora_common_reed":3,"minecraft:wheat_seeds":39,"chococraft:gold_gysahl":4,"untamedwilds:food_turtle_raw":6,"minecraft:feather":2,"minecraft:iron_helmet":1,"orcz:orcagaric":1,"chococraft:gysahl_green_seeds":73,"minecraft:granite":75,"minecraft:stripped_jungle_log":2,"minecraft:acacia_log":6,"minecraft:coal":18,"minecraft:golden_apple":2,"minecraft:diorite":7,"minecraft:torch":2,"chococraft:chocobo_drumstick_raw":1,"minecraft:wooden_axe":1,"minecraft:diamond_helmet":1,"tombstone:grave_dust":2,"minecraft:potion":1,"orcz:bone_1deco":2,"minecraft:smooth_stone":1,"minecraft:string":18,"minecraft:acacia_planks":1,"dynamictrees:acacia_seed":5,"minecraft:dandelion":2,"minecraft:furnace":1,"minecraft:stone_sword":3,"minecraft:tuff":3,"orcz:ironscrap":8,"minecraft:stone":2,"orcz:orcteeth":2,"minecraft:diamond_chestplate":1,"minecraft:orange_terracotta":1,"minecraft:andesite":2,"orcz:squigs_claws":3,"minecraft:stone_pressure_plate":2,"minecraft:spider_eye":1,"minecraft:stone_bricks":2,"medieval_craft_weapons:titanite_nugget_1":2,"tombstone:essence_of_undeath":1,"minecraft:sandstone":48,"minecraft:bow":2,"minecraft:red_sand":8,"minecraft:stone_pickaxe":1,"minecraft:wooden_pickaxe":2,"chococraft:gysahl_green":12},"minecraft:used":{"minecraft:shield":100,"minecraft:iron_sword":848,"minecraft:rotten_flesh":7,"minecraft:jungle_planks":38,"minecraft:bow":11,"minecraft:furnace":11,"minecraft:stone_pickaxe":131,"minecraft:wooden_pickaxe":21,"medieval_craft_weapons:colossal_sword":40,"minecraft:golden_apple":3,"minecraft:sand":43,"chococraft:gysahl_green":204,"minecraft:stone_sword":129,"minecraft:torch":120,"minecraft:dirt":26,"minecraft:iron_hoe":253,"minecraft:wooden_axe":10,"tombstone:gift":8,"minecraft:cooked_beef":45,"minecraft:acacia_planks":7,"minecraft:cobbled_deepslate":11,"minecraft:water_bucket":7,"minecraft:cut_sandstone":5,"minecraft:crafting_table":15,"minecraft:iron_pickaxe":317,"minecraft:stone_axe":19,"minecraft:cobblestone":61,"minecraft:potion":2,"additional_lights:fire_for_standing_torch_s":3,"minecraft:cooked_porkchop":8,"minecraft:bucket":8,"alexsmobs:animal_dictionary":1,"dynamictrees:jungle_seed":1},"minecraft:mined":{"minecraft:stone_pressure_plate":1,"minecraft:granite":8,"minecraft:red_sand":2,"minecraft:grass_block":23,"minecraft:oak_pressure_plate":1,"minecraft:polished_diorite":1,"minecraft:spawner":56,"minecraft:iron_ore":23,"minecraft:cobbled_deepslate":2,"minecraft:deepslate_lapis_ore":5,"minecraft:nether_brick_stairs":4,"chococraft:gysahl_green":98,"minecraft:iron_bars":27,"dynamictrees:jungle_undergrowth_leaves":88,"dynamictrees:jungle_leaves":72,"minecraft:cut_sandstone":3,"untamedwilds:flora_water_hyacinth":1,"minecraft:orange_terracotta":1,"minecraft:torch":1,"untamedwilds:flora_common_reed":3,"minecraft:dead_bush":6,"minecraft:cobblestone":7,"minecraft:wall_torch":4,"minecraft:tnt":9,"minecraft:grass":119,"minecraft:sand":38,"minecraft:dirt":45,"minecraft:netherrack":12,"minecraft:deepslate":32,"minecraft:tuff":3,"minecraft:mossy_cobblestone":1,"minecraft:deepslate_diamond_ore":6,"untamedwilds:flora_bush_creosote":1,"minecraft:nether_bricks":4,"minecraft:sandstone":19,"minecraft:furnace":12,"dynamictrees:oak_undergrowth_leaves":104,"minecraft:red_sandstone":3,"minecraft:chiseled_sandstone":1,"minecraft:andesite":2,"minecraft:gold_block":1,"minecraft:bookshelf":2,"minecraft:deepslate_iron_ore":31,"minecraft:vine":13,"minecraft:stone":93,"minecraft:crafting_table":14,"dynamictrees:cocoa":3,"minecraft:lectern":1,"minecraft:tall_grass":23,"minecraft:lapis_ore":2,"minecraft:deepslate_gold_ore":8,"minecraft:diorite":4,"untamedwilds:block_burrow":3,"additional_lights:fire_for_standing_torch_s":1,"minecraft:coal_ore":29,"untamedwilds:flora_titan_arum":2,"minecraft:cobweb":4,"minecraft:cracked_stone_bricks":2,"minecraft:acacia_planks":3,"minecraft:stone_bricks":4,"minecraft:mossy_stone_bricks":4,"minecraft:fern":11},"minecraft:crafted":{"minecraft:smooth_stone":1,"minecraft:bow":1,"minecraft:chest":1,"mca:matchmakers_ring":1,"sophisticatedbackpacks:backpack":1,"minecraft:cooked_porkchop":7,"minecraft:crafting_table":2,"minecraft:wooden_pickaxe":1,"additional_lights:fire_for_standing_torch_s":4,"minecraft:shield":1,"minecraft:stick":32,"minecraft:iron_ingot":34,"minecraft:iron_pickaxe":1,"minecraft:iron_block":3,"minecraft:stone_sword":1,"minecraft:iron_nugget":18,"minecraft:furnace":1,"chococraft:chocobo_saddle_bags":1,"minecraft:iron_hoe":1,"minecraft:stone_pickaxe":1,"minecraft:cooked_beef":21,"minecraft:iron_sword":1,"minecraft:stone_axe":1,"minecraft:air":0,"minecraft:jungle_planks":108,"minecraft:wooden_axe":1,"medieval_craft_weapons:colossal_sword":1,"chococraft:chocobo_saddle":1,"medieval_craft_weapons:greatsword_guard":1,"minecraft:acacia_planks":28,"minecraft:torch":76,"tombstone:bone_needle":1}},"DataVersion":3465}