{"stats":{"minecraft:picked_up":{"chococraft:loverly_gysahl_green":2,"minecraft:crafting_table":4,"minecraft:feather":2,"minecraft:cooked_beef":1,"minecraft:jungle_log":14,"minecraft:leather":3,"minecraft:string":2,"minecraft:dirt":17,"untamedwilds:food_turtle_raw":4,"minecraft:bone":2,"chococraft:gysahl_green":52,"minecraft:wheat_seeds":5,"untamedwilds:flora_water_hyacinth_item":1,"minecraft:beef":10,"duckling:raw_duck":1,"minecraft:furnace":5,"minecraft:raw_iron":6,"minecraft:stick":24,"minecraft:cooked_porkchop":1,"minecraft:acacia_log":13,"medieval_craft_weapons:titanite_nugget_1":2,"minecraft:porkchop":9,"minecraft:sand":2,"dynamictrees:acacia_seed":4,"chococraft:gysahl_green_seeds":22,"minecraft:rotten_flesh":4,"dynamictrees:jungle_seed":4,"minecraft:granite":1,"minecraft:coal":29,"minecraft:cobblestone":25},"minecraft:used":{"minecraft:stone_sword":95,"minecraft:stone_pickaxe":48,"minecraft:wooden_pickaxe":21,"minecraft:torch":2,"minecraft:dirt":11,"minecraft:crafting_table":4,"minecraft:wooden_axe":10,"minecraft:stone_axe":7,"minecraft:furnace":4,"minecraft:cooked_porkchop":8,"tombstone:gift":2,"chococraft:gysahl_green":31,"minecraft:cooked_beef":3},"minecraft:crafted":{"minecraft:cooked_beef":3,"minecraft:cooked_porkchop":7,"minecraft:crafting_table":1,"minecraft:wooden_pickaxe":1,"minecraft:furnace":1,"minecraft:stone_axe":1,"minecraft:air":0,"minecraft:shield":1,"minecraft:stick":12,"minecraft:iron_ingot":3,"minecraft:stone_pickaxe":1,"minecraft:wooden_axe":1,"minecraft:stone_sword":1,"minecraft:acacia_planks":28,"minecraft:torch":4},"minecraft:custom":{"minecraft:interact_with_furnace":16,"minecraft:mob_kills":25,"minecraft:interact_with_crafting_table":5,"minecraft:leave_game":1,"minecraft:time_since_death":14731,"minecraft:climb_one_cm":481,"minecraft:time_since_rest":14361,"minecraft:sprint_one_cm":97285,"minecraft:damage_taken":1563,"minecraft:walk_one_cm":236592,"minecraft:drop":11,"minecraft:damage_dealt":3787,"minecraft:swim_one_cm":28788,"minecraft:fly_one_cm":149726,"minecraft:crouch_one_cm":1111,"minecraft:play_time":54352,"tombstone:undead_killed":7,"minecraft:deaths":1,"minecraft:sneak_time":331,"minecraft:walk_under_water_one_cm":2784,"minecraft:jump":586,"minecraft:walk_on_water_one_cm":7743,"minecraft:total_world_time":54352,"minecraft:fall_one_cm":9286},"minecraft:dropped":{"minecraft:furnace":1,"untamedwilds:food_turtle_raw":4,"minecraft:acacia_log":6,"minecraft:beef":6,"chococraft:gysahl_green":1},"minecraft:mined":{"untamedwilds:flora_water_hyacinth":1,"untamedwilds:flora_bush_creosote":1,"minecraft:crafting_table":4,"untamedwilds:flora_common_reed":1,"minecraft:granite":1,"minecraft:grass_block":5,"minecraft:dead_bush":2,"minecraft:tall_grass":7,"untamedwilds:block_burrow":1,"minecraft:furnace":4,"minecraft:iron_ore":6,"minecraft:grass":26,"chococraft:gysahl_green":23,"minecraft:coal_ore":28,"minecraft:dirt":13,"minecraft:stone":27,"minecraft:fern":2},"minecraft:killed":{"alexsmobs:guster":1,"minecraft:pig":5,"duckling:duck":1,"alexsmobs:seal":1,"untamedwilds:tarantula":2,"alexsmobs:rattlesnake":1,"minecraft:skeleton":1,"untamedwilds:tortoise":2,"minecraft:zombie":5,"alexsmobs:leafcutter_ant":2,"minecraft:drowned":1,"minecraft:cow":2}},"DataVersion":3465}