{"stats":{"minecraft:broken":{"minecraft:wooden_pickaxe":1,"minecraft:stone_pickaxe":2,"minecraft:stone_axe":1,"minecraft:iron_helmet":1},"minecraft:killed_by":{"minecraft:skeleton":1},"minecraft:picked_up":{"minecraft:crafting_table":8,"chococraft:loverly_gysahl_green":13,"minecraft:chicken":2,"minecraft:red_sandstone_stairs":1,"minecraft:leather_leggings":1,"minecraft:wooden_pickaxe":1,"minecraft:brewing_stand":1,"minecraft:string":40,"minecraft:raw_copper":4,"minecraft:iron_leggings":1,"minecraft:cobbled_deepslate":85,"untamedwilds:flora_water_hyacinth_item":6,"minecraft:beef":12,"dynamictrees:oak_seed":17,"minecraft:iron_pickaxe":1,"minecraft:furnace":7,"minecraft:tipped_arrow":4,"minecraft:stick":37,"minecraft:raw_iron":86,"minecraft:sandstone":10,"minecraft:jukebox":2,"minecraft:torch":19,"medieval_craft_weapons:titanite_nugget_1":3,"minecraft:porkchop":3,"orcz:squigs_claws":10,"tombstone:grave_dust":6,"minecraft:diorite":8,"minecraft:stone_sword":1,"minecraft:arrow":24,"minecraft:rotten_flesh":9,"minecraft:iron_bars":6,"minecraft:cobblestone":179,"minecraft:feather":12,"orcz:orcteeth":3,"minecraft:smooth_red_sandstone":1,"minecraft:andesite":1,"minecraft:jungle_log":46,"minecraft:leather":11,"minecraft:tuff":3,"additional_lights:fire_for_standing_torch_s":1,"minecraft:oak_log":3,"minecraft:gunpowder":2,"minecraft:lapis_lazuli":7,"minecraft:dirt":89,"untamedwilds:flora_junegrass":1,"minecraft:bone":39,"chococraft:gysahl_green":258,"minecraft:acacia_planks":1,"minecraft:stone_bricks":1,"untamedwilds:material_fat":4,"chococraft:gold_gysahl":8,"minecraft:bow":1,"minecraft:red_sandstone":3,"minecraft:wheat_seeds":11,"minecraft:iron_ingot":10,"minecraft:stone_pickaxe":2,"minecraft:mossy_stone_bricks":1,"minecraft:iron_sword":1,"minecraft:oak_planks":1,"minecraft:oak_pressure_plate":1,"minecraft:sand":28,"minecraft:jungle_planks":39,"dynamictrees:acacia_seed":6,"chococraft:gysahl_green_seeds":82,"minecraft:spider_eye":7,"minecraft:stripped_jungle_log":4,"minecraft:bundle":1,"minecraft:slime_ball":3,"minecraft:stone_axe":5,"dynamictrees:jungle_seed":5,"minecraft:granite":13,"minecraft:chainmail_helmet":1,"minecraft:chiseled_red_sandstone":1,"orcz:ironscrap":2,"minecraft:coal":301},"minecraft:used":{"minecraft:shield":120,"minecraft:iron_sword":208,"minecraft:cooked_chicken":2,"minecraft:rotten_flesh":2,"minecraft:iron_chestplate":1,"minecraft:torch":137,"minecraft:dirt":56,"minecraft:carrot":24,"minecraft:granite":5,"minecraft:iron_helmet":1,"minecraft:iron_boots":1,"minecraft:furnace":7,"untamedwilds:material_fat":4,"tombstone:gift":3,"minecraft:cooked_beef":7,"minecraft:cobbled_deepslate":38,"minecraft:acacia_planks":1,"minecraft:iron_leggings":2,"minecraft:leather_leggings":2,"minecraft:water_bucket":1,"minecraft:diorite":1,"minecraft:stone_pickaxe":264,"minecraft:baked_potato":5,"minecraft:wooden_pickaxe":47,"minecraft:crafting_table":9,"minecraft:red_sandstone":1,"minecraft:stripped_jungle_log":1,"minecraft:string":1,"minecraft:iron_pickaxe":168,"dynamictrees:acacia_seed":2,"minecraft:stone_axe":112,"minecraft:cobblestone":35,"additional_lights:fire_for_standing_torch_s":2,"minecraft:bucket":2,"chococraft:gysahl_green":228},"minecraft:crafted":{"minecraft:oak_planks":10,"minecraft:cooked_chicken":2,"minecraft:furnace":1,"minecraft:iron_boots":1,"minecraft:stone_pickaxe":2,"minecraft:chest":1,"sophisticatedbackpacks:iron_backpack":1,"minecraft:cooked_beef":6,"sophisticatedbackpacks:backpack":1,"minecraft:crafting_table":2,"minecraft:wooden_pickaxe":1,"minecraft:iron_helmet":1,"minecraft:iron_sword":1,"additional_lights:fire_for_standing_torch_s":1,"minecraft:bucket":1,"minecraft:stone_axe":3,"minecraft:jungle_planks":56,"minecraft:iron_chestplate":1,"minecraft:shield":1,"minecraft:stick":12,"minecraft:iron_ingot":43,"minecraft:iron_pickaxe":1,"minecraft:iron_leggings":1,"minecraft:torch":134},"minecraft:custom":{"minecraft:mob_kills":70,"minecraft:interact_with_crafting_table":25,"minecraft:damage_dealt_resisted":761,"minecraft:leave_game":6,"minecraft:time_since_death":0,"minecraft:climb_one_cm":131,"minecraft:sprint_one_cm":416771,"minecraft:walk_one_cm":586935,"minecraft:damage_blocked_by_shield":3549,"minecraft:drop":125,"minecraft:play_time":249301,"minecraft:deaths":17,"minecraft:sneak_time":10525,"minecraft:walk_under_water_one_cm":22705,"minecraft:jump":2018,"minecraft:walk_on_water_one_cm":53136,"minecraft:total_world_time":249301,"minecraft:interact_with_furnace":33,"minecraft:time_since_rest":15,"minecraft:damage_taken":9508,"minecraft:damage_dealt":10912,"minecraft:swim_one_cm":29937,"minecraft:fly_one_cm":216322,"minecraft:open_chest":35,"minecraft:crouch_one_cm":19248,"tombstone:undead_killed":26,"minecraft:fall_one_cm":45076},"minecraft:dropped":{"minecraft:iron_ingot":5,"minecraft:iron_sword":1,"minecraft:wheat_seeds":11,"minecraft:feather":6,"orcz:blue_orcshroom":1,"chococraft:gysahl_green_seeds":27,"minecraft:granite":5,"minecraft:jungle_planks":39,"minecraft:stripped_jungle_log":3,"minecraft:diorite":7,"minecraft:torch":3,"minecraft:sand":28,"minecraft:iron_pickaxe":1,"minecraft:string":9,"minecraft:stone_axe":5,"dynamictrees:oak_seed":9,"minecraft:cobbled_deepslate":12,"minecraft:raw_copper":4,"minecraft:tuff":2,"minecraft:rotten_flesh":3,"minecraft:oak_planks":2,"orcz:ironscrap":1,"minecraft:andesite":1,"orcz:squigs_claws":1,"minecraft:spider_eye":3,"minecraft:sandstone":13,"untamedwilds:flora_water_hyacinth_item":3,"minecraft:stone_pickaxe":2,"untamedwilds:flora_junegrass":1,"chococraft:gysahl_green":28},"minecraft:mined":{"minecraft:tuff":1,"untamedwilds:flora_junegrass":3,"minecraft:chiseled_red_sandstone":1,"minecraft:brewing_stand":1,"minecraft:granite":8,"minecraft:red_sand":1,"minecraft:grass_block":3,"minecraft:red_sandstone_stairs":1,"minecraft:oak_pressure_plate":1,"minecraft:spawner":5,"dynamictrees:oak_leaves":3,"minecraft:furnace":6,"dynamictrees:oak_undergrowth_leaves":1,"minecraft:red_sandstone":4,"minecraft:iron_ore":56,"minecraft:cobbled_deepslate":5,"minecraft:andesite":6,"minecraft:deepslate_lapis_ore":1,"minecraft:smooth_red_sandstone":1,"chococraft:gysahl_green":102,"minecraft:deepslate_iron_ore":18,"minecraft:iron_bars":6,"minecraft:stripped_jungle_log":1,"minecraft:stone":173,"untamedwilds:flora_water_hyacinth":1,"minecraft:crafting_table":8,"minecraft:torch":8,"minecraft:poppy":1,"minecraft:cobblestone":3,"minecraft:tall_grass":1,"minecraft:copper_ore":2,"minecraft:sugar_cane":3,"minecraft:diorite":4,"minecraft:wall_torch":6,"untamedwilds:block_burrow":1,"minecraft:jukebox":2,"minecraft:grass":61,"minecraft:coal_ore":67,"minecraft:gravel":1,"minecraft:sand":2,"minecraft:dirt":5,"minecraft:cobweb":26,"minecraft:deepslate":86,"minecraft:fern":1},"minecraft:killed":{"minecraft:cave_spider":4,"mca:male_zombie_villager":1,"minecraft:spider":9,"minecraft:slime":5,"minecraft:skeleton":8,"alexsmobs:leafcutter_ant":1,"orcz:squig":5,"alexsmobs:guster":1,"untamedwilds:terror_bird":1,"orcz:goblinsavagemace":2,"minecraft:bat":1,"minecraft:zombie":13,"minecraft:stray":4,"untamedwilds:bison":3,"orcz:orcshield":1}},"DataVersion":3465}