{"stats":{"minecraft:broken":{"minecraft:stone_axe":1,"minecraft:wooden_pickaxe":1},"minecraft:picked_up":{"minecraft:crafting_table":3,"chococraft:loverly_gysahl_green":6,"minecraft:feather":6,"orcz:orcteeth":3,"minecraft:chicken":2,"minecraft:jungle_log":46,"minecraft:leather":9,"minecraft:oak_log":3,"minecraft:dirt":77,"untamedwilds:flora_junegrass":1,"minecraft:bone":13,"chococraft:gysahl_green":79,"untamedwilds:material_fat":4,"minecraft:wheat_seeds":6,"untamedwilds:flora_water_hyacinth_item":2,"minecraft:beef":12,"minecraft:stone_pickaxe":1,"dynamictrees:oak_seed":9,"minecraft:oak_planks":1,"minecraft:furnace":2,"minecraft:stick":37,"medieval_craft_weapons:titanite_nugget_1":2,"minecraft:sand":28,"dynamictrees:acacia_seed":6,"orcz:squigs_claws":4,"chococraft:gysahl_green_seeds":25,"tombstone:grave_dust":1,"minecraft:stripped_jungle_log":4,"minecraft:rotten_flesh":1,"minecraft:stone_axe":3,"dynamictrees:jungle_seed":5,"orcz:ironscrap":1,"minecraft:coal":49,"minecraft:cobblestone":63},"minecraft:used":{"minecraft:stone_pickaxe":67,"minecraft:wooden_pickaxe":47,"minecraft:dirt":23,"minecraft:crafting_table":4,"minecraft:stripped_jungle_log":1,"dynamictrees:acacia_seed":2,"minecraft:stone_axe":66,"minecraft:furnace":2,"tombstone:gift":2,"chococraft:gysahl_green":72,"minecraft:cooked_beef":5},"minecraft:crafted":{"minecraft:cooked_beef":6,"minecraft:oak_planks":10,"minecraft:crafting_table":2,"minecraft:wooden_pickaxe":1,"minecraft:furnace":1,"minecraft:stone_axe":2,"minecraft:jungle_planks":56,"minecraft:stone_pickaxe":1},"minecraft:dropped":{"minecraft:stone_axe":3,"minecraft:wheat_seeds":6,"dynamictrees:oak_seed":1,"minecraft:oak_planks":1,"chococraft:gysahl_green_seeds":25,"minecraft:stripped_jungle_log":1,"minecraft:sandstone":3,"minecraft:stone_pickaxe":1,"untamedwilds:flora_junegrass":1},"minecraft:custom":{"minecraft:interact_with_furnace":7,"minecraft:mob_kills":11,"minecraft:interact_with_crafting_table":8,"minecraft:damage_dealt_resisted":262,"minecraft:leave_game":1,"minecraft:time_since_death":5362,"minecraft:time_since_rest":4269,"minecraft:sprint_one_cm":192717,"minecraft:damage_taken":2896,"minecraft:walk_one_cm":122938,"minecraft:drop":11,"minecraft:damage_dealt":3062,"minecraft:swim_one_cm":24303,"minecraft:fly_one_cm":110731,"minecraft:crouch_one_cm":1319,"minecraft:play_time":63088,"tombstone:undead_killed":3,"minecraft:deaths":6,"minecraft:sneak_time":1157,"minecraft:walk_under_water_one_cm":1277,"minecraft:jump":740,"minecraft:walk_on_water_one_cm":9594,"minecraft:total_world_time":63088,"minecraft:fall_one_cm":14475},"minecraft:mined":{"untamedwilds:flora_water_hyacinth":1,"untamedwilds:flora_junegrass":1,"minecraft:crafting_table":3,"minecraft:grass_block":1,"minecraft:tall_grass":1,"minecraft:sugar_cane":3,"untamedwilds:block_burrow":1,"minecraft:furnace":1,"dynamictrees:oak_undergrowth_leaves":1,"minecraft:grass":15,"chococraft:gysahl_green":28,"minecraft:coal_ore":39,"minecraft:sand":2,"minecraft:dirt":1,"minecraft:stripped_jungle_log":1,"minecraft:stone":58,"minecraft:fern":1},"minecraft:killed":{"alexsmobs:guster":1,"mca:male_zombie_villager":1,"untamedwilds:terror_bird":1,"minecraft:bat":1,"minecraft:skeleton":1,"minecraft:zombie":1,"alexsmobs:leafcutter_ant":1,"untamedwilds:bison":3,"orcz:orcshield":1}},"DataVersion":3465}