{"stats":{"minecraft:killed_by":{"minecraft:skeleton":1},"minecraft:broken":{"minecraft:iron_boots":1,"minecraft:iron_chestplate":1,"minecraft:iron_leggings":3,"minecraft:wooden_pickaxe":1,"minecraft:stone_pickaxe":2,"minecraft:shield":1,"minecraft:stone_axe":2,"minecraft:iron_sword":1,"minecraft:iron_pickaxe":1,"minecraft:iron_helmet":2},"minecraft:killed":{"untamedwilds:hippo":2,"untamedwilds:large_snake":1,"minecraft:cave_spider":5,"orcz:goblinshield":1,"mca:male_zombie_villager":1,"minecraft:spider":14,"orcz:orcshieldiron":1,"minecraft:slime":5,"minecraft:skeleton":13,"alexsmobs:leafcutter_ant":1,"orcz:orcsavagemace":1,"orcz:squig":5,"minecraft:tropical_fish":1,"alexsmobs:guster":1,"orcz:weirdboinecro":1,"untamedwilds:aardvark":4,"untamedwilds:terror_bird":1,"orcz:goblinsavagemace":3,"untamedwilds:boar":2,"minecraft:bat":1,"alexsmobs:mantis_shrimp":2,"alexsmobs:rhinoceros":1,"minecraft:zombie":26,"alexsmobs:elephant":1,"minecraft:stray":4,"alexsmobs:caiman":2,"untamedwilds:bison":3,"untamedwilds:snake":1,"orcz:orcshield":1,"chococraft:chocobo":1,"minecraft:enderman":1},"minecraft:custom":{"minecraft:mob_kills":119,"minecraft:interact_with_crafting_table":36,"minecraft:damage_dealt_resisted":913,"minecraft:leave_game":10,"minecraft:time_since_death":40961,"minecraft:climb_one_cm":151,"minecraft:sprint_one_cm":726769,"minecraft:walk_one_cm":859477,"minecraft:damage_blocked_by_shield":4254,"minecraft:drop":150,"minecraft:play_time":382449,"minecraft:sneak_time":15903,"minecraft:deaths":27,"minecraft:walk_under_water_one_cm":43692,"minecraft:jump":3395,"minecraft:interact_with_blast_furnace":6,"minecraft:walk_on_water_one_cm":102237,"minecraft:total_world_time":382449,"minecraft:interact_with_furnace":53,"minecraft:time_since_rest":40653,"minecraft:damage_taken":15062,"minecraft:damage_dealt":20964,"minecraft:player_kills":1,"minecraft:swim_one_cm":57733,"minecraft:fly_one_cm":382420,"minecraft:open_chest":52,"minecraft:crouch_one_cm":28689,"tombstone:undead_killed":44,"minecraft:fall_one_cm":73990},"minecraft:picked_up":{"minecraft:crafting_table":10,"chococraft:loverly_gysahl_green":16,"untamedwilds:food_pachyderm_cooked":1,"minecraft:chicken":2,"minecraft:red_sandstone_stairs":1,"minecraft:leather_leggings":1,"minecraft:wooden_pickaxe":1,"minecraft:brewing_stand":1,"minecraft:amethyst_block":1,"minecraft:string":46,"minecraft:raw_copper":4,"minecraft:iron_leggings":2,"minecraft:cobbled_deepslate":115,"untamedwilds:flora_water_hyacinth_item":6,"minecraft:bucket":1,"minecraft:beef":12,"dynamictrees:oak_seed":17,"minecraft:iron_pickaxe":2,"minecraft:chest":1,"minecraft:furnace":11,"minecraft:tipped_arrow":4,"minecraft:raw_iron":101,"minecraft:stick":47,"minecraft:sandstone":19,"untamedwilds:food_pachyderm_raw":11,"minecraft:jukebox":2,"minecraft:torch":30,"medieval_craft_weapons:titanite_nugget_1":7,"minecraft:porkchop":5,"orcz:squigs_claws":10,"tombstone:grave_dust":9,"minecraft:diorite":8,"orcz:heavyorchammer":2,"minecraft:stone_sword":1,"minecraft:arrow":29,"minecraft:rotten_flesh":17,"minecraft:tropical_fish":2,"minecraft:nether_bricks":4,"minecraft:iron_bars":6,"minecraft:cobblestone":193,"minecraft:feather":12,"orcz:orcteeth":8,"minecraft:smooth_red_sandstone":1,"minecraft:jungle_log":46,"minecraft:andesite":1,"minecraft:leather":18,"minecraft:cut_sandstone":1,"minecraft:tuff":3,"additional_lights:fire_for_standing_torch_s":1,"minecraft:oak_log":3,"minecraft:gunpowder":2,"minecraft:lapis_lazuli":7,"minecraft:dirt":89,"untamedwilds:flora_junegrass":1,"minecraft:orange_terracotta":1,"chococraft:chocobo_feather":2,"minecraft:bone":51,"minecraft:acacia_planks":1,"chococraft:gysahl_green":306,"minecraft:stone_bricks":1,"untamedwilds:material_fat":14,"chococraft:gold_gysahl":8,"minecraft:bow":1,"minecraft:red_sandstone":3,"minecraft:wheat_seeds":13,"minecraft:rabbit_hide":3,"minecraft:iron_ingot":10,"minecraft:stone_pickaxe":2,"tombstone:bag_of_seeds":1,"minecraft:mossy_stone_bricks":1,"minecraft:iron_sword":4,"minecraft:oak_planks":1,"alexsmobs:shark_tooth":1,"minecraft:oak_pressure_plate":1,"minecraft:sand":30,"minecraft:jungle_planks":39,"dynamictrees:acacia_seed":6,"chococraft:gysahl_green_seeds":92,"minecraft:blast_furnace":1,"minecraft:spider_eye":9,"minecraft:chiseled_sandstone":1,"minecraft:stripped_jungle_log":4,"minecraft:bundle":1,"minecraft:slime_ball":3,"minecraft:diamond":3,"minecraft:stone_axe":5,"dynamictrees:jungle_seed":5,"minecraft:iron_helmet":1,"minecraft:granite":13,"minecraft:chainmail_helmet":2,"orcz:ironscrap":5,"minecraft:chiseled_red_sandstone":1,"tombstone:magic_scroll":1,"minecraft:melon_seeds":2,"minecraft:coal":349},"minecraft:dropped":{"minecraft:iron_ingot":5,"minecraft:iron_sword":4,"minecraft:wheat_seeds":12,"minecraft:oak_pressure_plate":1,"minecraft:red_sandstone":1,"minecraft:feather":6,"minecraft:iron_helmet":1,"minecraft:cobblestone":1,"orcz:blue_orcshroom":1,"minecraft:amethyst_block":1,"chococraft:gysahl_green_seeds":34,"minecraft:granite":5,"minecraft:jungle_planks":39,"minecraft:stripped_jungle_log":3,"minecraft:chainmail_helmet":1,"minecraft:diorite":7,"minecraft:torch":4,"minecraft:cut_sandstone":1,"minecraft:sand":28,"minecraft:iron_pickaxe":2,"minecraft:string":9,"minecraft:chiseled_sandstone":1,"minecraft:bone":9,"minecraft:stone_axe":5,"orcz:heavyorchammer":2,"dynamictrees:oak_seed":9,"minecraft:cobbled_deepslate":13,"minecraft:raw_copper":4,"minecraft:tuff":2,"minecraft:rotten_flesh":6,"minecraft:oak_planks":2,"orcz:ironscrap":1,"minecraft:orange_terracotta":1,"minecraft:andesite":1,"untamedwilds:food_pachyderm_cooked":1,"orcz:squigs_claws":1,"minecraft:leather_leggings":1,"minecraft:spider_eye":6,"minecraft:sandstone":22,"minecraft:stone_pickaxe":2,"untamedwilds:flora_water_hyacinth_item":3,"untamedwilds:flora_junegrass":1,"chococraft:gysahl_green":28},"minecraft:used":{"minecraft:tropical_fish":1,"minecraft:shield":146,"minecraft:iron_sword":457,"minecraft:cooked_chicken":2,"minecraft:rotten_flesh":2,"minecraft:iron_chestplate":1,"minecraft:torch":235,"minecraft:dirt":56,"minecraft:carrot":24,"minecraft:granite":5,"minecraft:axolotl_bucket":2,"minecraft:iron_helmet":1,"minecraft:iron_boots":1,"minecraft:bow":16,"minecraft:furnace":11,"untamedwilds:material_fat":8,"tombstone:gift":5,"minecraft:cooked_beef":18,"minecraft:cobbled_deepslate":69,"minecraft:acacia_planks":1,"minecraft:iron_leggings":2,"minecraft:diorite":1,"minecraft:water_bucket":15,"minecraft:leather_leggings":2,"minecraft:stone_pickaxe":264,"minecraft:baked_potato":5,"minecraft:wooden_pickaxe":47,"orcz:heavyorchammer":18,"minecraft:crafting_table":11,"minecraft:blast_furnace":1,"tombstone:bag_of_seeds":2,"minecraft:red_sandstone":1,"minecraft:apple":5,"minecraft:stripped_jungle_log":1,"minecraft:string":1,"minecraft:iron_pickaxe":287,"tombstone:magic_scroll":1,"dynamictrees:acacia_seed":2,"minecraft:stone_axe":136,"minecraft:cobblestone":97,"additional_lights:fire_for_standing_torch_s":2,"minecraft:cooked_porkchop":3,"minecraft:bucket":20,"chococraft:gysahl_green":249,"untamedwilds:food_pachyderm_cooked":5},"minecraft:mined":{"minecraft:large_amethyst_bud":1,"minecraft:tuff":2,"untamedwilds:flora_junegrass":3,"minecraft:deepslate_diamond_ore":3,"minecraft:chiseled_red_sandstone":1,"minecraft:brewing_stand":1,"minecraft:cave_vines_plant":1,"minecraft:nether_bricks":1,"minecraft:granite":8,"minecraft:red_sand":1,"minecraft:grass_block":5,"minecraft:red_sandstone_stairs":1,"minecraft:oak_pressure_plate":1,"minecraft:sandstone":9,"minecraft:spawner":5,"dynamictrees:oak_leaves":3,"minecraft:tall_seagrass":3,"minecraft:furnace":10,"dynamictrees:oak_undergrowth_leaves":1,"minecraft:iron_ore":56,"minecraft:red_sandstone":4,"minecraft:cobbled_deepslate":7,"minecraft:chiseled_sandstone":1,"minecraft:andesite":6,"minecraft:deepslate_lapis_ore":1,"minecraft:smooth_red_sandstone":1,"chococraft:gysahl_green":125,"minecraft:deepslate_iron_ore":34,"minecraft:iron_bars":6,"minecraft:stripped_jungle_log":1,"minecraft:stone":179,"minecraft:cut_sandstone":1,"untamedwilds:flora_water_hyacinth":1,"minecraft:orange_terracotta":1,"minecraft:crafting_table":10,"minecraft:torch":15,"untamedwilds:flora_common_reed":2,"minecraft:blast_furnace":1,"minecraft:poppy":1,"minecraft:dead_bush":1,"minecraft:copper_ore":2,"minecraft:tall_grass":4,"minecraft:cobblestone":7,"minecraft:sugar_cane":3,"minecraft:diorite":4,"minecraft:wall_torch":8,"minecraft:amethyst_block":1,"minecraft:seagrass":2,"untamedwilds:block_burrow":2,"minecraft:jukebox":2,"minecraft:grass":94,"minecraft:coal_ore":95,"untamedwilds:flora_titan_arum":1,"minecraft:gravel":1,"minecraft:dirt":5,"minecraft:sand":2,"minecraft:cobweb":26,"minecraft:deepslate":121,"minecraft:fern":1},"minecraft:crafted":{"minecraft:smooth_stone":3,"minecraft:oak_planks":10,"minecraft:cooked_chicken":2,"minecraft:furnace":2,"minecraft:blast_furnace":1,"minecraft:stone":6,"orcz:orc_steel":5,"minecraft:iron_boots":1,"minecraft:stone_pickaxe":2,"minecraft:chest":1,"sophisticatedbackpacks:iron_backpack":1,"minecraft:cooked_beef":6,"sophisticatedbackpacks:backpack":1,"minecraft:cooked_porkchop":3,"minecraft:crafting_table":2,"orcz:heavyorchammer":1,"minecraft:wooden_pickaxe":1,"minecraft:iron_helmet":1,"minecraft:iron_sword":2,"additional_lights:fire_for_standing_torch_s":1,"minecraft:bucket":1,"minecraft:stone_axe":3,"untamedwilds:food_pachyderm_cooked":11,"minecraft:jungle_planks":56,"minecraft:iron_chestplate":1,"minecraft:shield":1,"minecraft:stick":44,"minecraft:iron_ingot":48,"minecraft:iron_pickaxe":2,"orcz:orcsteelpowder":5,"minecraft:iron_leggings":1,"minecraft:torch":210}},"DataVersion":3465}