{"stats":{"minecraft:broken":{"minecraft:stone_pickaxe":1,"minecraft:stone_axe":1,"minecraft:wooden_pickaxe":1},"minecraft:killed_by":{"minecraft:skeleton":1},"minecraft:picked_up":{"minecraft:crafting_table":4,"chococraft:loverly_gysahl_green":8,"minecraft:feather":6,"orcz:orcteeth":3,"minecraft:chicken":2,"minecraft:jungle_log":46,"minecraft:leather":9,"minecraft:wooden_pickaxe":1,"minecraft:tuff":1,"additional_lights:fire_for_standing_torch_s":1,"minecraft:oak_log":3,"minecraft:dirt":78,"minecraft:raw_copper":4,"untamedwilds:flora_junegrass":1,"minecraft:bone":13,"chococraft:gysahl_green":138,"chococraft:gold_gysahl":2,"untamedwilds:material_fat":4,"minecraft:wheat_seeds":6,"minecraft:cobbled_deepslate":22,"untamedwilds:flora_water_hyacinth_item":3,"minecraft:beef":12,"minecraft:stone_pickaxe":2,"dynamictrees:oak_seed":9,"minecraft:oak_planks":1,"minecraft:furnace":3,"minecraft:raw_iron":1,"minecraft:stick":37,"minecraft:sandstone":10,"minecraft:torch":2,"medieval_craft_weapons:titanite_nugget_1":2,"minecraft:sand":28,"dynamictrees:acacia_seed":6,"orcz:squigs_claws":4,"chococraft:gysahl_green_seeds":40,"tombstone:grave_dust":3,"minecraft:diorite":7,"minecraft:spider_eye":1,"minecraft:bundle":1,"minecraft:stripped_jungle_log":4,"minecraft:rotten_flesh":3,"minecraft:stone_axe":3,"dynamictrees:jungle_seed":5,"minecraft:granite":2,"orcz:ironscrap":2,"minecraft:coal":98,"minecraft:cobblestone":144},"minecraft:used":{"minecraft:stone_pickaxe":195,"minecraft:wooden_pickaxe":47,"minecraft:cooked_chicken":2,"minecraft:rotten_flesh":2,"minecraft:torch":21,"minecraft:dirt":56,"minecraft:crafting_table":6,"minecraft:stripped_jungle_log":1,"dynamictrees:acacia_seed":2,"minecraft:stone_axe":94,"additional_lights:fire_for_standing_torch_s":1,"minecraft:furnace":4,"untamedwilds:material_fat":4,"tombstone:gift":2,"chococraft:gysahl_green":115,"minecraft:cooked_beef":5,"minecraft:cobbled_deepslate":10},"minecraft:crafted":{"minecraft:cooked_beef":6,"minecraft:oak_planks":10,"minecraft:crafting_table":2,"minecraft:wooden_pickaxe":1,"minecraft:cooked_chicken":2,"minecraft:furnace":1,"minecraft:stone_axe":3,"minecraft:jungle_planks":56,"minecraft:stone_pickaxe":2,"minecraft:torch":32},"minecraft:dropped":{"minecraft:stone_axe":3,"minecraft:wheat_seeds":6,"dynamictrees:oak_seed":1,"minecraft:raw_copper":4,"minecraft:rotten_flesh":1,"minecraft:oak_planks":1,"orcz:blue_orcshroom":1,"chococraft:gysahl_green_seeds":27,"minecraft:stripped_jungle_log":3,"orcz:ironscrap":1,"minecraft:diorite":6,"minecraft:sandstone":13,"minecraft:sand":28,"minecraft:stone_pickaxe":2,"untamedwilds:flora_junegrass":1,"chococraft:gysahl_green":23},"minecraft:custom":{"minecraft:interact_with_furnace":17,"minecraft:mob_kills":19,"minecraft:interact_with_crafting_table":10,"minecraft:damage_dealt_resisted":262,"minecraft:leave_game":1,"minecraft:time_since_death":9685,"minecraft:time_since_rest":8478,"minecraft:sprint_one_cm":262628,"minecraft:damage_taken":4869,"minecraft:walk_one_cm":208060,"minecraft:drop":90,"minecraft:damage_dealt":4459,"minecraft:swim_one_cm":24303,"minecraft:fly_one_cm":159849,"minecraft:crouch_one_cm":7322,"minecraft:play_time":99088,"tombstone:undead_killed":7,"minecraft:deaths":9,"minecraft:sneak_time":3557,"minecraft:walk_under_water_one_cm":1277,"minecraft:jump":1122,"minecraft:walk_on_water_one_cm":16215,"minecraft:total_world_time":99088,"minecraft:fall_one_cm":23547},"minecraft:mined":{"minecraft:tuff":1,"untamedwilds:flora_water_hyacinth":1,"untamedwilds:flora_junegrass":3,"minecraft:crafting_table":4,"minecraft:granite":2,"minecraft:grass_block":1,"minecraft:copper_ore":2,"minecraft:tall_grass":1,"minecraft:sugar_cane":3,"minecraft:diorite":4,"minecraft:wall_torch":1,"untamedwilds:block_burrow":1,"minecraft:furnace":2,"dynamictrees:oak_undergrowth_leaves":1,"minecraft:cobbled_deepslate":4,"minecraft:grass":22,"chococraft:gysahl_green":51,"minecraft:coal_ore":49,"minecraft:deepslate_iron_ore":1,"minecraft:gravel":1,"minecraft:sand":2,"minecraft:dirt":1,"minecraft:stripped_jungle_log":1,"minecraft:stone":138,"minecraft:deepslate":21,"minecraft:fern":1},"minecraft:killed":{"alexsmobs:guster":1,"mca:male_zombie_villager":1,"untamedwilds:terror_bird":1,"minecraft:spider":2,"minecraft:bat":1,"minecraft:skeleton":1,"minecraft:zombie":5,"alexsmobs:leafcutter_ant":1,"untamedwilds:bison":3,"orcz:orcshield":1}},"DataVersion":3465}