{"stats":{"minecraft:broken":{"minecraft:wooden_pickaxe":1},"minecraft:killed":{"minecraft:skeleton":1},"minecraft:crafted":{"minecraft:oak_planks":10,"minecraft:stone_axe":1,"minecraft:crafting_table":1,"minecraft:stone_pickaxe":1,"minecraft:wooden_pickaxe":1},"minecraft:used":{"minecraft:dirt":3,"minecraft:crafting_table":1,"tombstone:gift":2,"chococraft:gysahl_green":30,"minecraft:wooden_pickaxe":47,"dynamictrees:acacia_seed":2},"minecraft:picked_up":{"untamedwilds:flora_junegrass":1,"minecraft:stick":22,"chococraft:loverly_gysahl_green":5,"minecraft:bone":2,"chococraft:gysahl_green":74,"minecraft:wheat_seeds":1,"minecraft:oak_log":3,"dynamictrees:acacia_seed":2,"chococraft:gysahl_green_seeds":23,"dynamictrees:oak_seed":8,"minecraft:dirt":63,"minecraft:cobblestone":35},"minecraft:custom":{"tombstone:undead_killed":1,"minecraft:time_since_rest":1012,"minecraft:crouch_one_cm":335,"minecraft:sprint_one_cm":44713,"minecraft:play_time":14795,"minecraft:deaths":2,"minecraft:damage_taken":957,"minecraft:walk_one_cm":24046,"minecraft:sneak_time":79,"minecraft:mob_kills":1,"minecraft:jump":135,"minecraft:damage_dealt":249,"minecraft:time_since_death":1469,"minecraft:total_world_time":14795,"minecraft:interact_with_crafting_table":4,"minecraft:fall_one_cm":627,"minecraft:fly_one_cm":13750},"minecraft:mined":{"minecraft:grass_block":1,"minecraft:grass":13,"chococraft:gysahl_green":26,"untamedwilds:flora_junegrass":1,"minecraft:stone":35}},"DataVersion":3465}