{"stats":{"minecraft:broken":{"minecraft:wooden_pickaxe":1},"minecraft:killed":{"minecraft:skeleton":1,"untamedwilds:terror_bird":1,"untamedwilds:bison":3},"minecraft:used":{"minecraft:stone_pickaxe":45,"minecraft:wooden_pickaxe":47,"dynamictrees:acacia_seed":2,"minecraft:stone_axe":18,"minecraft:dirt":19,"minecraft:crafting_table":2,"minecraft:furnace":1,"tombstone:gift":2,"chococraft:gysahl_green":53},"minecraft:crafted":{"minecraft:cooked_beef":6,"minecraft:oak_planks":10,"minecraft:crafting_table":1,"minecraft:wooden_pickaxe":1,"minecraft:stone_pickaxe":1,"minecraft:furnace":1,"minecraft:stone_axe":1},"minecraft:picked_up":{"minecraft:crafting_table":2,"minecraft:stick":22,"chococraft:loverly_gysahl_green":6,"minecraft:feather":4,"minecraft:chicken":2,"minecraft:leather":9,"dynamictrees:acacia_seed":2,"minecraft:oak_log":3,"chococraft:gysahl_green_seeds":25,"minecraft:dirt":64,"untamedwilds:flora_junegrass":1,"minecraft:bone":13,"chococraft:gysahl_green":79,"untamedwilds:material_fat":4,"minecraft:wheat_seeds":1,"minecraft:beef":12,"minecraft:stone_pickaxe":1,"dynamictrees:oak_seed":8,"minecraft:coal":40,"minecraft:cobblestone":49,"minecraft:furnace":1},"minecraft:custom":{"minecraft:time_since_rest":13012,"minecraft:interact_with_furnace":7,"minecraft:sprint_one_cm":81093,"minecraft:damage_taken":1162,"minecraft:walk_one_cm":51571,"minecraft:mob_kills":5,"minecraft:drop":2,"minecraft:damage_dealt":1482,"minecraft:interact_with_crafting_table":6,"minecraft:fly_one_cm":36547,"minecraft:crouch_one_cm":452,"minecraft:play_time":26795,"tombstone:undead_killed":1,"minecraft:deaths":2,"minecraft:sneak_time":129,"minecraft:jump":307,"minecraft:time_since_death":13469,"minecraft:total_world_time":26795,"minecraft:fall_one_cm":5186},"minecraft:dropped":{"dynamictrees:oak_seed":1,"minecraft:stone_pickaxe":1},"minecraft:mined":{"minecraft:furnace":1,"untamedwilds:flora_junegrass":1,"minecraft:crafting_table":2,"minecraft:grass":14,"chococraft:gysahl_green":28,"minecraft:grass_block":1,"minecraft:coal_ore":30,"minecraft:tall_grass":1,"minecraft:stone":49}},"DataVersion":3465}