{"stats":{"minecraft:dropped":{"minecraft:stone_axe":4,"minecraft:wheat_seeds":6,"dynamictrees:oak_seed":1,"minecraft:raw_copper":4,"minecraft:tuff":1,"minecraft:rotten_flesh":1,"minecraft:oak_planks":1,"orcz:blue_orcshroom":1,"chococraft:gysahl_green_seeds":27,"minecraft:stripped_jungle_log":3,"orcz:ironscrap":1,"minecraft:diorite":6,"minecraft:sandstone":13,"minecraft:sand":28,"minecraft:stone_pickaxe":2,"untamedwilds:flora_junegrass":1,"chococraft:gysahl_green":24},"minecraft:killed":{"alexsmobs:guster":1,"mca:male_zombie_villager":1,"untamedwilds:terror_bird":1,"minecraft:spider":3,"minecraft:bat":1,"minecraft:skeleton":1,"minecraft:zombie":5,"alexsmobs:leafcutter_ant":1,"untamedwilds:bison":3,"orcz:orcshield":1},"minecraft:mined":{"minecraft:tuff":1,"untamedwilds:flora_water_hyacinth":1,"untamedwilds:flora_junegrass":3,"minecraft:crafting_table":5,"minecraft:granite":5,"minecraft:poppy":1,"minecraft:grass_block":3,"minecraft:copper_ore":2,"minecraft:tall_grass":1,"minecraft:sugar_cane":3,"minecraft:diorite":4,"minecraft:wall_torch":2,"dynamictrees:oak_leaves":3,"untamedwilds:block_burrow":1,"minecraft:furnace":3,"dynamictrees:oak_undergrowth_leaves":1,"minecraft:iron_ore":4,"minecraft:cobbled_deepslate":5,"minecraft:grass":61,"chococraft:gysahl_green":102,"minecraft:coal_ore":67,"minecraft:deepslate_iron_ore":1,"minecraft:sand":2,"minecraft:gravel":1,"minecraft:dirt":5,"minecraft:stripped_jungle_log":1,"minecraft:stone":147,"minecraft:deepslate":21,"minecraft:fern":1},"minecraft:picked_up":{"chococraft:loverly_gysahl_green":13,"minecraft:crafting_table":5,"minecraft:feather":6,"orcz:orcteeth":3,"minecraft:chicken":2,"minecraft:jungle_log":46,"minecraft:leather":10,"minecraft:wooden_pickaxe":1,"additional_lights:fire_for_standing_torch_s":1,"minecraft:tuff":2,"minecraft:oak_log":3,"minecraft:dirt":89,"minecraft:raw_copper":4,"untamedwilds:flora_junegrass":1,"minecraft:bone":13,"minecraft:acacia_planks":1,"chococraft:gysahl_green":258,"untamedwilds:material_fat":4,"chococraft:gold_gysahl":4,"minecraft:wheat_seeds":11,"minecraft:cobbled_deepslate":23,"untamedwilds:flora_water_hyacinth_item":3,"minecraft:beef":12,"minecraft:stone_pickaxe":2,"dynamictrees:oak_seed":9,"minecraft:oak_planks":1,"minecraft:furnace":4,"minecraft:stick":37,"minecraft:raw_iron":5,"minecraft:sandstone":10,"minecraft:torch":3,"medieval_craft_weapons:titanite_nugget_1":2,"minecraft:sand":28,"dynamictrees:acacia_seed":6,"chococraft:gysahl_green_seeds":82,"orcz:squigs_claws":4,"tombstone:grave_dust":3,"minecraft:diorite":7,"minecraft:spider_eye":1,"minecraft:stripped_jungle_log":4,"minecraft:bundle":1,"minecraft:rotten_flesh":3,"minecraft:stone_axe":4,"dynamictrees:jungle_seed":5,"minecraft:granite":5,"orcz:ironscrap":2,"minecraft:coal":155,"minecraft:cobblestone":144},"minecraft:broken":{"minecraft:stone_pickaxe":1,"minecraft:stone_axe":1,"minecraft:wooden_pickaxe":1},"minecraft:crafted":{"minecraft:cooked_beef":6,"minecraft:oak_planks":10,"minecraft:crafting_table":2,"minecraft:wooden_pickaxe":1,"minecraft:cooked_chicken":2,"minecraft:furnace":1,"minecraft:stone_axe":3,"minecraft:jungle_planks":56,"minecraft:stone_pickaxe":2,"minecraft:torch":32},"minecraft:killed_by":{"minecraft:skeleton":1},"minecraft:used":{"minecraft:stone_pickaxe":232,"minecraft:wooden_pickaxe":47,"minecraft:cooked_chicken":2,"minecraft:rotten_flesh":2,"minecraft:torch":21,"minecraft:dirt":56,"minecraft:crafting_table":6,"minecraft:stripped_jungle_log":1,"dynamictrees:acacia_seed":2,"minecraft:stone_axe":100,"additional_lights:fire_for_standing_torch_s":1,"minecraft:furnace":4,"untamedwilds:material_fat":4,"tombstone:gift":2,"chococraft:gysahl_green":165,"minecraft:cooked_beef":5,"minecraft:cobbled_deepslate":11,"minecraft:acacia_planks":1},"minecraft:custom":{"minecraft:interact_with_furnace":18,"minecraft:mob_kills":20,"minecraft:interact_with_crafting_table":11,"minecraft:damage_dealt_resisted":262,"minecraft:leave_game":3,"minecraft:time_since_death":6265,"minecraft:climb_one_cm":131,"minecraft:time_since_rest":5322,"minecraft:sprint_one_cm":318993,"minecraft:damage_taken":6599,"minecraft:walk_one_cm":277912,"minecraft:drop":93,"minecraft:damage_dealt":4760,"minecraft:swim_one_cm":29937,"minecraft:fly_one_cm":190546,"minecraft:crouch_one_cm":10713,"minecraft:play_time":142946,"tombstone:undead_killed":7,"minecraft:deaths":12,"minecraft:sneak_time":5171,"minecraft:walk_under_water_one_cm":3340,"minecraft:jump":1474,"minecraft:walk_on_water_one_cm":19162,"minecraft:total_world_time":142946,"minecraft:fall_one_cm":32062}},"DataVersion":3465}