{"stats":{"minecraft:killed_by":{"minecraft:skeleton":1},"minecraft:broken":{"minecraft:iron_boots":1,"minecraft:iron_chestplate":1,"minecraft:iron_leggings":1,"minecraft:wooden_pickaxe":1,"minecraft:stone_pickaxe":2,"minecraft:stone_axe":2,"minecraft:iron_sword":1,"minecraft:iron_pickaxe":1,"minecraft:iron_helmet":1},"minecraft:killed":{"minecraft:cave_spider":5,"mca:male_zombie_villager":1,"minecraft:spider":13,"orcz:orcshieldiron":1,"minecraft:slime":5,"minecraft:skeleton":10,"alexsmobs:leafcutter_ant":1,"orcz:squig":5,"alexsmobs:guster":1,"orcz:weirdboinecro":1,"untamedwilds:terror_bird":1,"orcz:goblinsavagemace":2,"minecraft:bat":1,"minecraft:zombie":23,"minecraft:stray":4,"untamedwilds:bison":3,"orcz:orcshield":1,"minecraft:enderman":1},"minecraft:custom":{"minecraft:mob_kills":91,"minecraft:interact_with_crafting_table":36,"minecraft:damage_dealt_resisted":913,"minecraft:leave_game":8,"minecraft:time_since_death":19881,"minecraft:climb_one_cm":131,"minecraft:sprint_one_cm":545031,"minecraft:walk_one_cm":713313,"minecraft:damage_blocked_by_shield":4139,"minecraft:drop":129,"minecraft:play_time":313402,"minecraft:sneak_time":12530,"minecraft:deaths":20,"minecraft:walk_under_water_one_cm":22919,"minecraft:jump":2539,"minecraft:interact_with_blast_furnace":6,"minecraft:walk_on_water_one_cm":59492,"minecraft:total_world_time":313402,"minecraft:interact_with_furnace":48,"minecraft:time_since_rest":19516,"minecraft:damage_taken":11435,"minecraft:damage_dealt":14414,"minecraft:player_kills":1,"minecraft:swim_one_cm":38292,"minecraft:fly_one_cm":268004,"minecraft:open_chest":35,"minecraft:crouch_one_cm":24095,"tombstone:undead_killed":38,"minecraft:fall_one_cm":53771},"minecraft:picked_up":{"minecraft:crafting_table":10,"chococraft:loverly_gysahl_green":13,"minecraft:chicken":2,"minecraft:red_sandstone_stairs":1,"minecraft:leather_leggings":1,"minecraft:wooden_pickaxe":1,"minecraft:brewing_stand":1,"minecraft:amethyst_block":1,"minecraft:string":45,"minecraft:raw_copper":4,"minecraft:iron_leggings":1,"minecraft:cobbled_deepslate":107,"untamedwilds:flora_water_hyacinth_item":6,"minecraft:bucket":1,"minecraft:beef":12,"dynamictrees:oak_seed":17,"minecraft:iron_pickaxe":2,"minecraft:furnace":9,"minecraft:tipped_arrow":4,"minecraft:stick":38,"minecraft:raw_iron":89,"minecraft:sandstone":16,"minecraft:jukebox":2,"minecraft:torch":24,"medieval_craft_weapons:titanite_nugget_1":4,"minecraft:porkchop":3,"orcz:squigs_claws":10,"tombstone:grave_dust":9,"minecraft:diorite":8,"orcz:heavyorchammer":2,"minecraft:stone_sword":1,"minecraft:arrow":26,"minecraft:rotten_flesh":17,"minecraft:iron_bars":6,"minecraft:cobblestone":185,"minecraft:feather":12,"orcz:orcteeth":5,"minecraft:smooth_red_sandstone":1,"minecraft:andesite":1,"minecraft:jungle_log":46,"minecraft:leather":11,"minecraft:tuff":3,"additional_lights:fire_for_standing_torch_s":1,"minecraft:oak_log":3,"minecraft:gunpowder":2,"minecraft:lapis_lazuli":7,"minecraft:dirt":89,"untamedwilds:flora_junegrass":1,"minecraft:bone":40,"minecraft:acacia_planks":1,"chococraft:gysahl_green":258,"minecraft:stone_bricks":1,"untamedwilds:material_fat":4,"chococraft:gold_gysahl":8,"minecraft:bow":1,"minecraft:red_sandstone":3,"minecraft:wheat_seeds":11,"minecraft:iron_ingot":10,"minecraft:stone_pickaxe":2,"minecraft:mossy_stone_bricks":1,"minecraft:iron_sword":1,"minecraft:oak_planks":1,"minecraft:oak_pressure_plate":1,"minecraft:sand":28,"minecraft:jungle_planks":39,"dynamictrees:acacia_seed":6,"chococraft:gysahl_green_seeds":82,"minecraft:blast_furnace":1,"minecraft:spider_eye":9,"minecraft:stripped_jungle_log":4,"minecraft:bundle":1,"minecraft:slime_ball":3,"minecraft:diamond":3,"minecraft:stone_axe":5,"dynamictrees:jungle_seed":5,"minecraft:granite":13,"minecraft:chainmail_helmet":1,"orcz:ironscrap":5,"minecraft:chiseled_red_sandstone":1,"tombstone:magic_scroll":1,"minecraft:coal":330},"minecraft:dropped":{"minecraft:iron_ingot":5,"minecraft:iron_sword":1,"minecraft:wheat_seeds":11,"minecraft:feather":6,"orcz:blue_orcshroom":1,"chococraft:gysahl_green_seeds":27,"minecraft:granite":5,"minecraft:jungle_planks":39,"minecraft:stripped_jungle_log":3,"minecraft:diorite":7,"minecraft:torch":3,"minecraft:sand":28,"minecraft:iron_pickaxe":2,"minecraft:string":9,"minecraft:stone_axe":5,"orcz:heavyorchammer":2,"dynamictrees:oak_seed":9,"minecraft:cobbled_deepslate":13,"minecraft:raw_copper":4,"minecraft:tuff":2,"minecraft:rotten_flesh":3,"minecraft:oak_planks":2,"orcz:ironscrap":1,"minecraft:andesite":1,"orcz:squigs_claws":1,"minecraft:spider_eye":3,"minecraft:sandstone":13,"untamedwilds:flora_water_hyacinth_item":3,"minecraft:stone_pickaxe":2,"untamedwilds:flora_junegrass":1,"chococraft:gysahl_green":28},"minecraft:used":{"minecraft:shield":142,"minecraft:iron_sword":267,"minecraft:cooked_chicken":2,"minecraft:rotten_flesh":2,"minecraft:iron_chestplate":1,"minecraft:torch":185,"minecraft:dirt":56,"minecraft:carrot":24,"minecraft:granite":5,"minecraft:iron_helmet":1,"minecraft:iron_boots":1,"minecraft:bow":16,"minecraft:furnace":9,"untamedwilds:material_fat":4,"tombstone:gift":3,"minecraft:cooked_beef":18,"minecraft:cobbled_deepslate":69,"minecraft:acacia_planks":1,"minecraft:iron_leggings":2,"minecraft:diorite":1,"minecraft:water_bucket":12,"minecraft:leather_leggings":2,"minecraft:stone_pickaxe":264,"minecraft:baked_potato":5,"minecraft:wooden_pickaxe":47,"orcz:heavyorchammer":18,"minecraft:crafting_table":11,"minecraft:blast_furnace":1,"minecraft:red_sandstone":1,"minecraft:apple":4,"minecraft:stripped_jungle_log":1,"minecraft:string":1,"minecraft:iron_pickaxe":251,"dynamictrees:acacia_seed":2,"minecraft:stone_axe":136,"minecraft:cobblestone":48,"additional_lights:fire_for_standing_torch_s":2,"minecraft:cooked_porkchop":3,"minecraft:bucket":15,"chococraft:gysahl_green":228},"minecraft:mined":{"minecraft:large_amethyst_bud":1,"minecraft:tuff":1,"untamedwilds:flora_junegrass":3,"minecraft:deepslate_diamond_ore":3,"minecraft:chiseled_red_sandstone":1,"minecraft:brewing_stand":1,"minecraft:granite":8,"minecraft:red_sand":1,"minecraft:grass_block":3,"minecraft:red_sandstone_stairs":1,"minecraft:oak_pressure_plate":1,"minecraft:sandstone":6,"minecraft:spawner":5,"dynamictrees:oak_leaves":3,"minecraft:furnace":8,"dynamictrees:oak_undergrowth_leaves":1,"minecraft:iron_ore":56,"minecraft:red_sandstone":4,"minecraft:cobbled_deepslate":7,"minecraft:andesite":6,"minecraft:deepslate_lapis_ore":1,"minecraft:smooth_red_sandstone":1,"chococraft:gysahl_green":102,"minecraft:deepslate_iron_ore":21,"minecraft:iron_bars":6,"minecraft:stripped_jungle_log":1,"minecraft:stone":179,"untamedwilds:flora_water_hyacinth":1,"minecraft:orange_terracotta":1,"minecraft:crafting_table":10,"minecraft:torch":13,"minecraft:blast_furnace":1,"minecraft:dead_bush":1,"minecraft:poppy":1,"minecraft:copper_ore":2,"minecraft:tall_grass":1,"minecraft:cobblestone":3,"minecraft:sugar_cane":3,"minecraft:diorite":4,"minecraft:wall_torch":6,"minecraft:amethyst_block":1,"untamedwilds:block_burrow":1,"minecraft:jukebox":2,"minecraft:grass":61,"minecraft:coal_ore":95,"minecraft:sand":2,"minecraft:gravel":1,"minecraft:dirt":5,"minecraft:cobweb":26,"minecraft:deepslate":113,"minecraft:fern":1},"minecraft:crafted":{"minecraft:oak_planks":10,"minecraft:smooth_stone":3,"minecraft:cooked_chicken":2,"minecraft:furnace":2,"minecraft:blast_furnace":1,"minecraft:stone":6,"orcz:orc_steel":5,"minecraft:iron_boots":1,"minecraft:stone_pickaxe":2,"minecraft:chest":1,"sophisticatedbackpacks:iron_backpack":1,"minecraft:cooked_beef":6,"sophisticatedbackpacks:backpack":1,"minecraft:cooked_porkchop":3,"minecraft:crafting_table":2,"orcz:heavyorchammer":1,"minecraft:wooden_pickaxe":1,"minecraft:iron_helmet":1,"minecraft:iron_sword":2,"additional_lights:fire_for_standing_torch_s":1,"minecraft:bucket":1,"minecraft:stone_axe":3,"minecraft:jungle_planks":56,"minecraft:iron_chestplate":1,"minecraft:shield":1,"minecraft:stick":16,"minecraft:iron_ingot":48,"minecraft:iron_pickaxe":2,"orcz:orcsteelpowder":5,"minecraft:iron_leggings":1,"minecraft:torch":134}},"DataVersion":3465}